chembl_id,ic50_nm,units,relation,smiles,mw,logp
CHEMBL57157,610.0,nM,=,CCN(CC)C(=O)CCC1=C(c2ccccc2)c2ccccc2C(=O)C1=O,361.44100000000014,3.9025000000000025
CHEMBL60918,680.0,nM,=,COC(=O)CCC1=C(c2ccccc2)c2cc(CCC(=O)OC)ccc2C(=O)C1=O,406.4340000000002,3.312700000000002
CHEMBL57880,650.0,nM,=,CCOC(=O)Nc1cccc2c1C(=O)C(=O)C=C2c1ccccc1,321.332,3.4521000000000015
CHEMBL51447,860.0,nM,=,O=C1C=C(c2ccccc2)c2ccccc2C1=O,234.254,2.883700000000001
CHEMBL58762,500.0,nM,=,O=C1C=C(c2cc(F)ccc2F)c2ccccc2C1=O,270.234,3.161900000000002
CHEMBL60763,920.0,nM,=,COC(=O)CCc1ccc2c(c1)C(n1ccc3ccccc31)=CC(=O)C2=O,359.38100000000014,3.401500000000002
CHEMBL56948,650.0,nM,=,CC(C)(C)OC(=O)COc1ccc(CC2=C(n3ccc4ccccc43)c3ccccc3C(=O)C2=O)cc1,493.5590000000002,5.629300000000006
CHEMBL57391,920.0,nM,=,CCCCCOc1ccc2c(c1)C(=O)C(=O)C=C2c1ccccc1,320.388,4.452700000000004
CHEMBL58032,940.0,nM,=,COC(=O)CCC1=C(n2ccc3ccccc32)c2ccc(CCC(=O)OC)cc2C(=O)C1=O,445.47100000000034,3.7249000000000025
CHEMBL59402,440.0,nM,=,O=C1C=C(c2ccc(O)cc2)c2ccccc2C1=O,250.253,2.5893000000000006
CHEMBL58848,330.0,nM,=,COC(=O)CCc1ccc2c(c1)C(c1ccccc1)=CC(=O)C2=O,320.3440000000001,2.989300000000002
CHEMBL301909,430.0,nM,=,CCOC(=O)CCC1=C(c2ccccc2)c2ccccc2C(=O)C1=O,334.37100000000015,3.5972000000000026
CHEMBL61186,270.0,nM,=,CCOC(=O)CCC1=C(n2ccc3ccccc32)c2ccccc2C(=O)C1=O,373.40800000000013,4.009400000000003
CHEMBL58737,320.0,nM,=,O=C1C=C(C2CCCCC2)c2ccccc2C1=O,240.302,3.415700000000002
CHEMBL4524071,0.42,nM,=,C/C=C1\C(=O)N[C@@H](C(=O)O)[C@H](C)C(=O)N[C@@H](CCCNC(=N)N)C(=O)N[C@@H](/C=C/C(C)=C/[C@H](C)[C@H](Cc2ccccc2)OC)[C@H](C)C(=O)N[C@@H](C(=O)O)CCC(=O)N1C,824.977,1.1825700000000103
CHEMBL280487,1.24,nM,=,C=C1[C@@H](O)[C@@H]2O[C@]3(CC[C@H](/C=C/[C@@H](C)[C@@H]4CC(C)=C[C@@]5(O[C@H](C[C@@](C)(O)C(=O)O)CC[C@H]5O)O4)O3)CC[C@H]2O[C@@H]1[C@@H](O)C[C@H](C)[C@H]1O[C@@]2(CCCCO2)CC[C@H]1C,805.0149999999999,5.213600000000004
CHEMBL444092,0.1,nM,=,C=C1C(=O)N[C@H](C)C(=O)N[C@@H](CC(C)C)C(=O)N[C@@H](C(=O)O)[C@H](C)C(=O)N[C@@H](CCCNC(=N)N)C(=O)N[C@@H](/C=C/C(C)=C/[C@H](C)[C@H](Cc2ccccc2)OC)[C@H](C)C(=O)N[C@@H](C(=O)O)CCC(=O)N1C,995.1889999999999,0.8280700000000023
CHEMBL509059,1.49,nM,=,COC[C@@H]([C@H](O)[C@H](O)C(=O)N[C@H](C)C[C@H](C)c1nc(/C=C/C[C@@H]2O[C@]3(C[C@@H](O)[C@@H]2C)O[C@H]([C@H](C[C@H](O)[C@H](C)[C@H](O)[C@H](C)/C=C(C)/C(C)=C/C=C/C(C)=C\C#N)OC)[C@H](OP(=O)(O)O)C3(C)C)co1)N(C)C,1023.2120000000001,5.0774800000000075
CHEMBL430266,0.3,nM,=,COC[C@@H]([C@H](O)[C@H](O)C(=O)NCC[C@H](C)c1nc(/C=C/C[C@@H]2O[C@]3(C[C@@H](O)[C@@H]2C)O[C@H]([C@H](C[C@H](O)[C@H](C)[C@H](O)[C@H](C)/C=C(C)/C(C)=C/C=C/C(C)=C\C#N)OC)[C@H](OP(=O)(O)O)C3(C)C)co1)N(C)C,1009.1850000000001,4.688980000000007
CHEMBL428184,1000.0,nM,=,CC(=O)N[C@@H](CC(=O)O)C(=O)N[C@@H](C)C(=O)N[C@@H](CC(=O)O)C(=O)N[C@@H](CCC(=O)O)C(=O)N[C@@H](Cc1ccc(OC(F)(C(=O)O)C(=O)O)cc1)C(=O)N[C@@H](CC(C)C)C(N)=O,885.8090000000001,-3.262900000000002
CHEMBL505512,0.67,nM,=,CO[C@H]([C@H](O)CC(=O)[C@@H](C)[C@@H](O)CC[C@@H](C)[C@@H]1O[C@]2(CC[C@@H](C)[C@H](CC[C@H](C)C(C)=O)O2)CC[C@@H]1C)[C@H](OC(=O)C[C@@H](O)C1=C(C)C(=O)OC1=O)C(C)C,766.9660000000003,4.785300000000002
CHEMBL416598,179.0,nM,=,O=C(O)[C@@H](Cc1ccccc1)Oc1c(I)cc(-c2c3ccccc3cc3sc4ccccc4c23)cc1I,726.3730000000002,9.158599999999996
CHEMBL290295,284.0,nM,=,Cc1oc2cc3sc4ccccc4c3c(-c3cc(I)c(O[C@H](C)C(=O)O)c(I)c3)c2c1C,668.2900000000001,8.145640000000006
CHEMBL290496,61.0,nM,=,O=C(O)[C@@H](Cc1ccccc1)Oc1c(Br)cc(-c2c3ccccc3c(Br)c3sc4ccccc4c23)cc1Br,711.269,10.236899999999988
CHEMBL39626,74.0,nM,=,Cc1oc2cc3sc4ccccc4c3c(-c3cc(I)c(O[C@H](Cc4ccccc4)C(=O)O)c(I)c3)c2c1C,744.388,9.368440000000001
CHEMBL7152,370.0,nM,=,CCCC/C(=C\Cn1oc(=O)[nH]c1=O)c1cccc(OCc2nc(-c3ccc(C(F)(F)F)cc3)oc2-c2ccccc2)c1,591.5860000000002,7.323200000000007
CHEMBL430145,1.0,nM,<,C/C=C1/C(=O)N[C@@H](C(=O)O)[C@H](C)C(=O)N[C@@H](C(C)C)C(=O)N[C@@H](/C=C/C(C)=C/[C@H](C)[C@H](Cc2ccccc2)OC)[C@H](C)C(=O)N[C@@H](C(=O)O)CCC(=O)N1C,767.921,2.5753000000000057
CHEMBL265665,120.0,nM,=,CCCCCCCC/C(=C\Cn1oc(=O)n(CC(=O)O)c1=O)c1cccc(OCc2nc(-c3ccc(C(F)(F)F)cc3)oc2C)c1,643.6590000000004,7.083020000000007
CHEMBL6518,120.0,nM,=,CCCCCCCC/C(=C/Cn1oc(=O)n(CC(=O)O)c1=O)c1cccc(OCc2nc(-c3ccc(C(F)(F)F)cc3)oc2C)c1,643.6590000000004,7.083020000000007
CHEMBL203751,850.0,nM,=,Cc1oc(-c2ccc(C(F)(F)F)cc2)nc1COc1cccc(/C(=C/Cn2oc(=O)n(CC(=O)O)c2=O)c2ccccc2)c1,607.5410000000003,5.380720000000005
CHEMBL431555,1000.0,nM,=,N[C@@H](Cc1ccc(OC(F)(C(=O)O)C(=O)O)cc1)C(=O)O,301.226,-0.14519999999999983
CHEMBL25243,370.0,nM,=,CCCCc1oc2ccccc2c1Cc1ccc2c(Br)c(OC(Cc3ccccc3)C(=O)O)ccc2c1,557.4840000000002,8.356600000000006
CHEMBL24032,575.44,nM,=,Oc1ccc(-c2ccc(-c3c(Cc4ccc(O)cc4O)sc4ccccc34)cc2)cc1,424.5210000000001,6.942900000000006
CHEMBL3350944,410.0,nM,=,Cc1ccc2oc(Cc3ccccc3)c(-c3ccc(-c4ccc(O[C@H](Cc5ccccc5)C(=O)O)cc4)cc3)c2c1,538.6430000000003,8.740720000000003
CHEMBL24003,100.0,nM,=,O=C(O)COc1c(Br)cc(-c2ccc(-c3c(Cc4ccccc4)sc4ccccc34)cc2)cc1Br,608.3510000000002,8.8145
CHEMBL23989,330.0,nM,=,CCCCc1oc2ccccc2c1Cc1ccc2c(Br)c(O)ccc2c1,409.32300000000004,6.987500000000005
CHEMBL26554,290.0,nM,=,CC(Cc1ccccc1)(Oc1ccc(-c2ccc(-c3c(Cc4ccccc4)oc4ccccc34)cc2)cc1)C(=O)O,538.6430000000003,8.822400000000004
CHEMBL1086226,38.0,nM,=,O=C(O)[C@H](Cc1ccccc1)Oc1c(Br)cc(-c2ccc(-c3c(Cc4ccccc4)oc4ccccc34)cc2)cc1Br,682.4080000000002,9.957299999999993
CHEMBL193134,398.11,nM,=,O=C(O)[C@H](Oc1ccc(-c2ccc(-c3c(Cc4ccccc4)oc4ccccc34)cc2)cc1)c1ccccc1,510.58900000000017,8.562300000000004
CHEMBL24712,520.0,nM,=,Oc1c(I)cc(-c2ccc(-c3c(Cc4ccccc4)sc4ccccc34)cc2)cc1I,644.3150000000002,8.7409
CHEMBL1086228,229.09,nM,=,O=C(O)[C@@H](Cc1ccccc1)Oc1ccc(-c2ccc(-c3c(Cc4ccccc4)oc4ccccc34)cc2)cc1[N+](=O)[O-],569.6130000000003,8.340500000000006
CHEMBL1082297,52.48,nM,=,COc1ccc(-c2cc(-c3ccc(-c4c(Cc5ccccc5)sc5ccccc45)cc3)ccc2O[C@H](Cc2ccccc2)C(=O)O)cc1,646.8080000000003,10.576399999999994
CHEMBL278092,28.84,nM,=,COc1ccc(-c2cc(-c3ccc(-c4c(Cc5ccccc5)sc5ccccc45)cc3)cc(Br)c2OCC(=O)O)cc1,635.5790000000001,9.727599999999999
CHEMBL280388,650.0,nM,=,Cc1oc(-c2ccc(C(F)(F)F)cc2)nc1-c1ccc(-c2cc(Br)c(O)c(Br)c2)cc1,553.172,8.233420000000004
CHEMBL286007,740.0,nM,=,CCCCc1oc2ccccc2c1-c1ccc(-c2ccc(O)cc2)cc1,342.43800000000005,6.815000000000007
CHEMBL3350943,590.0,nM,=,O=C(O)[C@H](Cc1ccccc1)Oc1ccc(-c2ccc(-c3c(Cc4ccccc4)oc4ncccc34)cc2)cc1,525.6040000000003,7.827300000000007
CHEMBL3350941,970.0,nM,=,O=C(O)[C@@H](Cc1ccccc1)Oc1ccc(-c2ccc(-c3ccsc3Cc3ccccc3)cc2)cc1,490.6240000000002,7.7476000000000065
CHEMBL284471,25.0,nM,=,COc1ccc(-c2cc(-c3ccc(-c4c(Cc5ccccc5)sc5ccccc45)cc3)cc(-c3ccc(OC)cc3)c2OCC(=O)O)cc1,662.8070000000001,10.640699999999994
CHEMBL284763,81.28,nM,=,O=C(O)CNc1cc(-c2ccc(-c3c(Cc4ccccc4)oc4ccccc34)cc2)ccc1OCCc1ccccc1,553.6580000000004,8.475600000000004
CHEMBL24331,28.0,nM,=,O=C(O)c1ccc(S(=O)(=O)Oc2ccc(-c3ccc(-c4c(Cc5ccccc5)oc5ccccc45)cc3)cc2C2CCCC2)cc1O,644.745,9.186699999999998
CHEMBL1086499,169.82,nM,=,CCCCc1sc2ccccc2c1-c1ccc(-c2ccc(O[C@H](Cc3ccccc3)C(=O)O)cc2)cc1,506.6670000000002,8.652600000000005
CHEMBL284765,52.0,nM,=,CCOc1ccc(-c2cc(-c3ccc(-c4c(Cc5ccccc5)sc5ccccc45)cc3)ccc2OCC(=O)O)cc1,570.7100000000003,9.355200000000002
CHEMBL25395,100.0,nM,=,COc1cc(-c2cc(-c3ccc(-c4c(Cc5ccccc5)sc5ccccc45)cc3)ccc2OCC(=O)O)cc(OC)c1OC,616.7350000000001,8.982300000000002
CHEMBL282708,320.0,nM,=,CCCCc1oc2ccccc2c1Cc1ccc2c(I)c(OC(Cc3ccccc3)C(=O)O)ccc2c1,604.4840000000002,8.198700000000006
CHEMBL276983,75.0,nM,=,O=C(O)c1ccc(S(=O)(=O)Oc2ccc(-c3ccc(-c4c(Cc5ccccc5)oc5ccccc45)cc3)cc2)cc1,560.6270000000003,7.823500000000007
CHEMBL25368,28.0,nM,=,O=C(O)c1ccc(S(=O)(=O)Oc2ccc(-c3ccc(-c4c(Cc5ccccc5)sc5ccccc45)cc3)cc2)cc1O,592.6940000000003,7.997600000000006
CHEMBL278094,178.0,nM,=,O=C(O)c1ccc(S(=O)(=O)Oc2ccc(-c3ccc(-c4c(C(=O)c5ccccc5)oc5ccccc45)cc3)cc2[N+](=O)[O-])cc1O,635.6060000000002,7.077500000000007
CHEMBL1086229,74.0,nM,=,Cc1cc(-c2ccc(-c3c(Cc4ccccc4)oc4ccccc34)cc2)cc(C)c1O[C@H](Cc1ccccc1)C(=O)O,552.6700000000003,9.049140000000005
CHEMBL25008,470.0,nM,=,Cc1oc(-c2ccc(C(F)(F)F)cc2)nc1-c1ccc(-c2cc(Br)c(OCC(=O)O)c(Br)c2)cc1,611.2080000000002,7.991220000000006
CHEMBL24501,740.0,nM,=,O=C(c1ccccc1)c1oc2ccccc2c1-c1ccc(-c2ccc(O)cc2)cc1,390.4380000000001,6.703400000000006
CHEMBL1082299,288.4,nM,=,O=C(O)[C@H](CCc1ccccc1)Oc1c(Br)cc(-c2ccc(-c3c(Cc4ccccc4)sc4ccccc34)cc2)cc1Br,712.5030000000002,10.815899999999989
CHEMBL441959,26.0,nM,=,O=C(O)c1cc(S(=O)(=O)Oc2ccc(-c3ccc(-c4c(Cc5ccccc5)oc5ccccc45)cc3)cc2)ccc1O,576.6260000000003,7.529100000000007
CHEMBL24267,446.68,nM,=,Oc1c(Br)cc(-c2ccc(-c3c(Cc4ccccc4)sc4ccccc34)cc2)cc1Br,550.315,9.0567
CHEMBL24566,32.0,nM,=,Cc1sc(Cc2ccccc2)c(-c2ccc(-c3ccc(OS(=O)(=O)c4ccc(C(=O)O)c(O)c4)cc3)cc2)c1C,570.6880000000002,7.461240000000007
CHEMBL25558,270.0,nM,=,O=C(O)C(Cc1ccccc1)Oc1ccc(-c2ccc(-c3c(Cc4ccccc4)oc4ccccc34)cc2)cc1,524.6160000000003,8.432300000000005
CHEMBL1083272,77.0,nM,=,COc1ccc(Cc2sc3ccccc3c2-c2ccc(-c3ccc(O[C@H](Cc4ccccc4)C(=O)O)cc3)cc2)cc1,570.7100000000003,8.909400000000003
CHEMBL190535,85.0,nM,=,COc1ccc(Cc2sc3ccccc3c2-c2ccc(-c3ccc(O[C@H](Cc4ccccc4)C(=O)O)cc3)cc2)c(OC)c1,600.7360000000002,8.918000000000003
CHEMBL26399,52.0,nM,=,CCCCC(Oc1c(Br)cc(-c2ccc(-c3c(Cc4ccccc4)oc4ccccc34)cc2)cc1Br)C(=O)O,648.3910000000003,9.904799999999996
CHEMBL282113,800.0,nM,=,Cc1oc(-c2ccc(C(F)(F)F)cc2)nc1-c1ccc(-c2ccc(OCC(=O)O)cc2)cc1,453.41600000000017,6.466220000000005
CHEMBL1083269,676.08,nM,=,O=C(c1ccccc1)c1oc2ccccc2c1-c1ccc(-c2ccc(O[C@H](Cc3ccccc3)C(=O)O)cc2)cc1,538.5990000000003,8.072500000000007
CHEMBL187610,57.54,nM,=,O=C(O)[C@@H](Cc1ccccc1)Oc1ccc(-c2ccc(-c3c(Cc4ccccc4)sc4ccccc34)cc2)cc1Br,619.5800000000003,9.663299999999996
CHEMBL25486,44.0,nM,=,O=C(O)C(CCN1C(=O)c2ccccc2C1=O)Oc1c(Br)cc(-c2ccc(-c3c(Cc4ccccc4)sc4ccccc34)cc2)cc1Br,781.5220000000003,9.869399999999994
CHEMBL25322,180.0,nM,=,O=C(O)c1ccccc1C(=O)NCCC(Oc1c(Br)cc(-c2ccc(-c3c(Cc4ccccc4)sc4ccccc34)cc2)cc1Br)C(=O)O,799.5370000000001,9.701399999999998
CHEMBL282372,169.82,nM,=,O=C(O)COc1ccc(-c2ccc(-c3c(Cc4ccccc4)oc4ccccc34)cc2)cc1C1CCCC1,502.6100000000003,8.478600000000004
CHEMBL3350942,350.0,nM,=,O=C(O)[C@@H](Cc1ccccc1)Oc1ccc(-c2ccc(-c3oc4ccccc4c3Cc3ccccc3)cc2)cc1,524.6160000000003,8.432300000000005
CHEMBL26103,25.0,nM,=,COc1cccc(-c2cc(-c3ccc(-c4c(Cc5ccccc5)sc5ccccc45)cc3)cc(-c3cccc(OC)c3)c2OCC(=O)O)c1,662.8070000000001,10.640699999999994
CHEMBL285307,30.0,nM,=,O=C(O)c1ccc(S(=O)(=O)Oc2c(Br)cc(-c3ccc(-c4c(Cc5ccccc5)sc5ccccc45)cc3)cc2Br)cc1O,750.4860000000002,9.522599999999994
CHEMBL3350948,340.0,nM,=,O=C(O)[C@H](CCN1C(=O)c2ccccc2C1=O)Oc1ccc(-c2ccc(-c3c(Cc4ccccc4)oc4ccccc34)cc2)cc1,607.6620000000004,7.875900000000008
CHEMBL3350939,120.0,nM,=,O=C(O)[C@@H](Cc1ccccc1)Oc1ccc(-c2ccc(-c3c(Cc4ccc(O)cc4O)sc4ccccc34)cc2)cc1,572.6820000000002,8.312000000000005
CHEMBL1086230,54.95,nM,=,O=C(O)[C@H](Cc1ccccc1)Oc1ccc(-c2ccc(-c3c(Cc4ccccc4)oc4ccccc34)cc2)cc1C1CCCC1,592.735,10.089899999999995
CHEMBL287278,106.0,nM,=,O=C(O)c1cccc(S(=O)(=O)Oc2ccc(-c3ccc(-c4c(Cc5ccccc5)oc5ccccc45)cc3)cc2)c1,560.6270000000003,7.823500000000007
CHEMBL282306,912.01,nM,=,Oc1ccc(-c2ccc(-c3c(Cc4ccccc4)oc4ccccc34)cc2)cc1,376.45500000000004,7.0632000000000055
CHEMBL1083714,25.0,nM,=,O=C(O)[C@@H](Cc1ccccc1)Oc1c(Br)cc(-c2ccc(-c3c(Cc4ccccc4)sc4ccccc34)cc2)cc1Br,698.4760000000002,10.42579999999999
CHEMBL283635,360.0,nM,=,O=C(O)COc1ccc(-c2ccc(-c3c(Cc4ccccc4)sc4ccccc34)cc2)cc1Br,529.4550000000002,8.052000000000005
CHEMBL1082448,128.82,nM,=,CC[C@H](Oc1c(Br)cc(-c2ccc(-c3c(Cc4ccccc4)oc4ccccc34)cc2)cc1Br)C(=O)O,620.3370000000002,9.124600000000003
CHEMBL25189,23.0,nM,=,CCCCCCC(Oc1c(Br)cc(-c2ccc(-c3c(Cc4ccccc4)oc4ccccc34)cc2)cc1Br)C(=O)O,676.4450000000003,10.684999999999992
CHEMBL312923,700.0,nM,=,CC(C)C[C@H](NC(=O)[C@H](Cc1ccc(CC(=O)O)c(C(=O)O)c1)NC(=O)[C@H](CCC(=O)O)NC(=O)OCC1c2ccccc2-c2ccccc21)C(N)=O,730.7710000000001,2.827500000000004
CHEMBL24524,34.0,nM,=,Cc1cc(-c2ccc(-c3c(Cc4ccccc4)oc4ccccc34)cc2)cc(C)c1OS(=O)(=O)c1ccc(C(=O)O)c(O)c1,604.6800000000003,8.145940000000008
CHEMBL1083271,120.0,nM,=,O=C(O)[C@@H](Cc1ccccc1)Oc1ccc(-c2ccc(-c3c(Cc4ccc(F)cc4)sc4ccccc34)cc2)cc1,558.6740000000003,9.0399
CHEMBL370307,120.0,nM,=,COc1ccc(Cc2sc3ccccc3c2-c2ccc(-c3ccc(O[C@H](Cc4ccccc4)C(=O)O)cc3)cc2)cc1OC,600.7360000000002,8.918000000000003
CHEMBL24098,912.01,nM,=,O=C(O)CCC(=O)Nc1cc(-c2ccc(-c3c(Cc4ccccc4)oc4ccccc34)cc2)ccc1O,491.5430000000001,6.8665000000000065
CHEMBL23998,39.0,nM,=,O=C(O)c1ccc(S(=O)(=O)Oc2ccc(-c3ccc(-c4c(Cc5ccccc5)oc5ccccc45)cc3)cc2)cc1O,576.6260000000003,7.529100000000008
CHEMBL279242,440.0,nM,=,CCCCc1oc2ccccc2c1-c1ccc(-c2ccc(OC(Cc3ccccc3)C(=O)O)cc2)cc1,490.5990000000002,8.184100000000006
CHEMBL280198,140.0,nM,=,O=C(O)CCNc1cc(-c2ccc(-c3c(Cc4ccccc4)oc4ccccc34)cc2)ccc1OCCc1ccccc1,567.6850000000003,8.8657
CHEMBL24557,510.0,nM,=,CCCCc1oc2ccccc2c1Cc1ccc(-c2ccc(OCn3cnnn3)cc2)cc1,438.5310000000001,6.056200000000006
CHEMBL278096,480.0,nM,=,CCCCc1oc2ccccc2c1C(O)c1ccc2c(Br)c(O)ccc2c1,425.32200000000006,6.478400000000006
CHEMBL280992,360.0,nM,=,O=C(O)c1ccc(COc2ccc(-c3ccc(-c4c(Cc5ccccc5)oc5ccccc45)cc3)cc2)cc1,510.58900000000017,8.634800000000002
CHEMBL1082298,52.0,nM,=,O=C(O)[C@@H](Cc1ccccc1)Oc1ccc(-c2ccc(-c3c(Cc4ccccc4)sc4ccccc34)cc2)cc1-c1ccc(Cl)cc1,651.2270000000002,11.221199999999985
CHEMBL25584,169.82,nM,=,O=C(O)CCCOc1ccc(-c2ccc(-c3c(Cc4ccccc4)sc4ccccc34)cc2)cc1Br,557.5090000000001,8.8322
CHEMBL284363,158.49,nM,=,O=C(O)c1ccccc1C(=O)Nc1cc(-c2ccc(-c3c(Cc4ccccc4)oc4ccccc34)cc2)ccc1O,539.5870000000003,8.013700000000005
CHEMBL3350940,510.0,nM,=,Cc1sc(Cc2ccccc2)c(-c2ccc(-c3ccc(O[C@H](Cc4ccccc4)C(=O)O)cc3)cc2)c1C,518.6780000000002,8.364440000000005
CHEMBL24680,380.0,nM,=,CCCCc1oc2ccccc2c1Cc1ccc2c(I)c(O)ccc2c1,456.32300000000004,6.8296000000000054
CHEMBL24900,354.0,nM,=,O=C(O)c1ccc(S(=O)(=O)Oc2ccc(-c3ccc(-c4coc5ccccc45)cc3)cc2)cc1O,486.50100000000015,5.938300000000005
CHEMBL284664,691.83,nM,=,CCCCc1sc2ccccc2c1-c1ccc(-c2ccc(O)cc2)cc1,358.50600000000003,7.283500000000006
CHEMBL1085961,218.78,nM,=,O=C(O)[C@H](CCc1ccccc1)Oc1ccc(-c2ccc(-c3c(Cc4ccccc4)oc4ccccc34)cc2)cc1,538.6430000000004,8.822400000000002
CHEMBL25628,28.0,nM,=,COc1cccc(-c2cc(-c3ccc(-c4c(Cc5ccccc5)sc5ccccc45)cc3)cc(Br)c2OCC(=O)O)c1,635.5790000000001,9.727599999999999
CHEMBL538903,29.0,nM,=,O=C(O)c1ccc(S(=O)(=O)Oc2ccc(-c3ccc(-c4c(Cc5ccccc5)oc5ccccc45)cc3)cc2[N+](=O)[O-])cc1O,621.6230000000003,7.437300000000008
CHEMBL285308,24.0,nM,=,O=C(O)c1ccc(S(=O)(=O)Oc2ccc(-c3ccc(-c4c(Cc5ccccc5)sc5ccccc45)cc3)cc2Br)cc1O,671.5900000000003,8.7601
CHEMBL3350938,77.0,nM,=,CC1(C)Oc2ccc(Cc3sc4ccccc4c3-c3ccc(-c4ccc(O[C@H](Cc5ccccc5)C(=O)O)cc4)cc3)cc2O1,612.7470000000003,9.408100000000003
CHEMBL83179,700.0,nM,=,CC(C)C[C@H](NC(=O)[C@H](Cc1ccc(C(F)(C(=O)O)C(=O)O)cc1)NC(=O)[C@H](CCC(=O)O)NC(=O)OCC1c2ccccc2-c2ccccc21)C(N)=O,748.761,2.8362000000000025
CHEMBL285125,900.0,nM,=,Cc1oc(-c2ccc(C(F)(F)F)cc2)nc1-c1ccc(-c2ccc(OCn3cnnn3)cc2)cc1,477.44600000000014,6.025820000000006
CHEMBL26100,700.0,nM,=,CCCCc1oc2ccccc2c1Cc1ccc2c(Br)c(OCn3cnnn3)ccc2c1,491.3890000000001,6.304900000000005
CHEMBL1083270,109.65,nM,=,O=C(O)[C@@H](Cc1ccccc1)Oc1ccc(-c2ccc(-c3c(C(O)c4ccccc4)oc4ccccc34)cc2)cc1,540.6150000000002,7.9232000000000085
CHEMBL24843,79.43,nM,=,COc1ccc(-c2cc(-c3ccc(-c4c(Cc5ccccc5)sc5ccccc45)cc3)ccc2OCC(=O)O)cc1,556.6830000000002,8.965100000000003
CHEMBL24607,46.77,nM,=,COc1ccc(-c2cc(-c3ccc(-c4c(Cc5ccccc5)sc5ccccc45)cc3)cc(Br)c2OCC(=O)O)c(OC)c1,665.605,9.736199999999998
CHEMBL3350947,130.0,nM,=,O=C(O)[C@H](Cc1ccccc1)Oc1ccc(-c2ccc(-c3c(Cc4ccccc4)oc4ccc(F)cc34)cc2)cc1,542.6060000000003,8.571400000000002
CHEMBL25594,54.0,nM,=,COC(=O)C(CCNC(=O)c1ccccc1C(=O)O)Oc1c(Br)cc(-c2ccc(-c3c(Cc4ccccc4)sc4ccccc34)cc2)cc1Br,813.5640000000003,9.789799999999994
CHEMBL24213,100.0,nM,=,O=C(O)COc1ccc(-c2ccc(-c3c(Cc4ccccc4)sc4ccccc34)cc2)cc1-c1ccccc1,526.6570000000002,8.9565
CHEMBL1084870,53.7,nM,=,CC(C)C[C@@H](Oc1c(Br)cc(-c2ccc(-c3c(Cc4ccccc4)oc4ccccc34)cc2)cc1Br)C(=O)O,648.3910000000003,9.760699999999998
CHEMBL433141,800.0,nM,=,CC(C)C[C@H](NC(=O)[C@H](Cc1ccc(C(C(=O)O)C(=O)O)cc1)NC(=O)[C@H](CCC(=O)O)NC(=O)OCC1c2ccccc2-c2ccccc21)C(N)=O,730.7710000000001,2.7550000000000034
CHEMBL24005,540.0,nM,=,CCCCc1oc2ccccc2c1C(O)c1ccc(-c2ccc(OCC(=O)O)cc2)cc1,430.50000000000017,5.987500000000007
CHEMBL365490,320.0,nM,=,O=C(O)[C@H](Cc1ccccc1)Oc1ccc(-c2ccc(-c3c(Cc4ccccc4)oc4ccccc34)cc2)cc1,524.6160000000003,8.432300000000005
CHEMBL366281,56.0,nM,=,O=C(O)[C@H](Cc1ccccc1)Oc1ccc(-c2ccc(-c3c(Cc4ccccc4)oc4ccccc34)cc2)cc1Br,603.5120000000003,9.194799999999999
CHEMBL1085070,109.65,nM,=,CCCCc1sc2ccccc2c1-c1ccc(-c2ccc(O[C@@H](C(=O)O)c3ccccc3)cc2)cc1,492.64000000000016,8.782600000000002
CHEMBL429385,70.79,nM,=,COc1cccc(-c2cc(-c3ccc(-c4c(Cc5ccccc5)sc5ccccc45)cc3)ccc2OCC(=O)O)c1OC,586.7090000000002,8.973700000000004
CHEMBL24140,460.0,nM,=,O=C(O)/C=C\C(=O)Nc1cc(-c2ccc(-c3c(Cc4ccccc4)oc4ccccc34)cc2)ccc1O,489.52700000000016,6.642500000000005
CHEMBL280647,230.0,nM,=,CCCCc1oc2ccccc2c1C(O)c1ccc(-c2ccc(O)cc2)cc1,372.46400000000006,6.2297000000000065
CHEMBL26216,130.0,nM,=,Cc1oc(-c2ccc(C(F)(F)F)cc2)nc1-c1ccc(-c2cc(Br)c(OC(Cc3ccccc3)C(=O)O)c(Br)c2)cc1,701.3330000000002,9.60252
CHEMBL24481,40.0,nM,=,O=C(O)c1ccc(S(=O)(=O)Oc2ccc(-c3ccc(-c4c(C(=O)c5ccccc5)oc5ccccc45)cc3)cc2C2CCCC2)cc1O,658.728,8.8269
CHEMBL188928,346.74,nM,=,O=C(O)[C@@H](Cc1ccccc1)Oc1ccc(-c2ccc(-c3c(Cc4ccccc4)oc4ccccc34)cc2)cc1,524.6160000000003,8.432300000000005
CHEMBL1084871,95.0,nM,=,O=C(O)[C@@H](Cc1ccccc1)Oc1ccc(-c2ccc(-c3c(Cc4ccccc4)sc4ccccc34)cc2)cc1,540.6840000000003,8.9008
CHEMBL1086227,42.66,nM,=,COc1ccc(-c2cc(-c3ccc(-c4c(Cc5ccccc5)oc5ccccc45)cc3)ccc2O[C@@H](Cc2ccccc2)C(=O)O)cc1,630.7400000000004,10.107899999999997
CHEMBL326425,11.0,nM,=,O=C(O)[C@@H](CCN1C(=O)c2ccccc2C1=O)Oc1c(Br)cc(-c2c3ccccc3c(Br)c3sc4ccccc4c23)cc1Br,794.315,9.680499999999993
CHEMBL324232,80.0,nM,=,O=C(O)[C@@H](Cc1ccccc1)Oc1c(Br)cc(-c2c3ccccc3c(Br)c3oc4ccccc4c23)cc1Br,695.2010000000001,9.76839999999999
CHEMBL109290,384.0,nM,=,Oc1c(Br)cc(-c2c3ccccc3c(Br)c3sc4ccccc4c23)cc1Br,563.1080000000002,8.867799999999997
CHEMBL108721,386.0,nM,=,O=C(O)COc1c(Br)cc(-c2c3ccccc3c(Br)c3sc4ccccc4c23)cc1Br,621.1440000000001,8.625599999999999
CHEMBL322061,145.0,nM,=,O=P(O)(O)COc1c(Br)cc(-c2c3ccccc3c(Br)c3sc4ccccc4c23)cc1Br,657.114,8.6762
CHEMBL8725,40.0,nM,=,COC(=O)C(Cc1ccc(C(F)(F)P(=O)(O)O)cc1)(Cc1ccc(C(F)(F)P(=O)(O)O)cc1)C(=O)OCc1ccccc1,648.4350000000001,4.828600000000005
CHEMBL267981,940.0,nM,=,CS(=O)(=O)c1ccc(CC(Cc2ccc(C(F)(F)P(=O)(O)O)cc2)(C(=O)OCc2ccccc2)C(=O)OCc2ccccc2)cc1,672.6390000000001,5.575500000000005
CHEMBL263348,90.0,nM,=,CC(=O)NS(=O)(=O)c1ccc(CC(Cc2ccc(C(F)(F)P(=O)(O)O)cc2)(C(=O)OCc2ccccc2)C(=O)OCc2ccccc2)cc1,715.6640000000002,4.996800000000005
CHEMBL276376,160.0,nM,=,O=P(O)(O)C(F)(F)c1ccc(CC(Cc2ccc(C(F)(F)P(=O)(O)O)cc2)(OCc2ccccc2)OCc2ccccc2)cc1,668.5130000000001,7.055700000000009
CHEMBL267954,40.0,nM,=,O=C(OCc1ccccc1)C(Cc1ccc(C(F)(F)P(=O)(O)O)cc1)(Cc1ccc(C(F)(F)P(=O)(O)O)cc1)C(=O)OCc1ccccc1,724.5330000000002,6.399000000000009
CHEMBL9087,190.0,nM,=,O=C(c1ccccc1)C(C/C=C/c1ccccc1)(Cc1ccc(C(F)(F)P(=O)(O)O)cc1)c1ccccc1,532.5230000000001,7.380500000000008
CHEMBL8758,6.0,nM,=,O=C(c1ccccc1)C(Cc1ccc(C(F)(F)P(=O)(O)O)c(Br)c1)c1ccccc1,495.25600000000003,5.885300000000005
CHEMBL8767,40.0,nM,=,CC(C)OC(=O)C(Cc1ccc(C(F)(F)P(=O)(O)O)cc1)(Cc1ccc(C(F)(F)P(=O)(O)O)cc1)C(=O)OC(C)C,628.4450000000002,4.815400000000006
CHEMBL9046,40.0,nM,=,O=C(OCc1ccccc1)C(Cc1ccc(C(F)(F)C(=O)O)cc1)(Cc1ccc(C(F)(F)P(=O)(O)O)cc1)C(=O)OCc1ccccc1,688.5630000000001,6.348400000000007
CHEMBL266056,6.0,nM,=,O=C(c1ccccc1)C(Cc1ccc(C(F)(F)P(=O)(O)O)cc1)(Cc1ccc(C(F)(F)P(=O)(O)O)cc1)c1ccccc1,636.4710000000002,6.746700000000009
CHEMBL8660,800.0,nM,=,O=C(O)c1ccc(CC(Cc2ccc(C(F)(F)P(=O)(O)O)cc2)(C(=O)c2ccccc2)c2ccccc2)cc1,550.4940000000001,6.217900000000007
CHEMBL9070,390.0,nM,=,COC(=O)C(Cc1ccc(C(F)(F)P(=O)(O)O)cc1)(Cc1ccc(C(F)(F)P(=O)(O)O)cc1)C(=O)O,558.3100000000002,3.169800000000003
CHEMBL428651,6.0,nM,=,O=C(c1ccccc1)C(Cc1ccc(C(F)(F)P(=O)(O)O)c(Cl)c1)c1ccccc1,450.805,5.7762000000000056
CHEMBL267048,12.0,nM,=,O=P(O)(O)C(F)(F)c1ccc(CC(Cc2ccc(C(F)(F)P(=O)(O)O)cc2)(c2ccc(F)c(F)c2)n2nnc3ccccc32)cc1,685.454,6.392500000000006
CHEMBL267245,240.0,nM,=,O=C(OCc1ccccc1)C(Cc1ccc(C(F)(F)P(=O)(O)O)cc1)(c1ccccc1)n1nnc2ccccc21,563.4970000000001,5.388000000000007
CHEMBL276647,16.0,nM,=,O=P(O)(O)C(F)(F)c1ccc(CC(Cc2ccc(C(F)(F)P(=O)(O)O)cc2)(c2ccccc2)n2nnc3ccccc32)cc1,649.4739999999999,6.114300000000007
CHEMBL276648,74.0,nM,=,O=P(O)(O)C(F)(F)c1ccc(C(c2ccc(-c3ccccc3-c3nn[nH]n3)cc2)C(c2ccccc2)n2nnc3ccccc32)cc1,649.598,6.926900000000007
CHEMBL273474,20.0,nM,=,O=P(O)(O)C(F)(F)c1ccc(CC(Cc2ccc(C(F)(F)P(=O)(O)O)cc2)(c2ccc3ccccc3n2)n2nnc3ccccc32)cc1,700.5219999999998,6.662500000000007
CHEMBL416145,49.0,nM,=,O=P(O)(O)C(F)(F)c1ccc(CC(C/C=C/c2ccccc2)(c2ccccc2)n2nnc3ccccc32)cc1,545.5260000000002,6.748100000000007
CHEMBL8662,18.0,nM,=,O=P(O)(O)C(F)(F)c1ccc(CC(Cc2ccc(C(F)(F)P(=O)(O)O)cc2)(c2nc3ccccc3s2)n2nnc3ccccc32)cc1,706.5509999999999,6.724000000000006
CHEMBL274435,16.0,nM,=,O=P(O)(O)C(F)(F)c1ccc(/C=C/CC(Cc2ccc(C(F)(F)P(=O)(O)O)cc2)(c2ccccc2)n2nnc3ccccc32)cc1,675.512,6.975100000000007
CHEMBL9374,98.0,nM,=,O=P(O)(O)C(F)(F)c1ccc(CC(Cc2ccc(OCc3ccccc3)cc2)(c2ccccc2)n2nnc3ccccc32)cc1,625.6120000000001,7.466300000000008
CHEMBL418703,32.0,nM,=,O=P(O)(O)C(F)(F)c1ccc(CC(Cc2ccc(C(F)(F)P(=O)(O)O)cc2)(c2nnn[nH]2)n2nnc3ccccc32)cc1,641.415,3.6274000000000024
CHEMBL266753,5.0,nM,=,COC(CC(C)C)c1ccc2cc(-c3ccc(CC(Cc4ccc(C(F)(F)P(=O)(O)O)cc4)(c4ccccc4)n4nnc5ccccc54)cc3)cc(P(=O)(O)O)c2n1,826.7740000000001,8.639100000000003
CHEMBL267488,5.0,nM,=,O=P(O)(O)C(F)(F)c1ccc(CC(Cc2ccc(C(F)(F)P(=O)(O)O)c(Br)c2)(c2ccccc2)n2nnc3ccccc32)cc1,728.3699999999999,6.8768000000000065
CHEMBL9339,89.0,nM,=,O=P(O)(O)C(F)(F)c1ccc(CC(Cc2ccc(Br)cc2)(c2ccccc2)n2nnc3ccccc32)cc1,598.3840000000001,6.649800000000006
CHEMBL9321,46.0,nM,=,O=P(O)(O)C(F)(F)c1ccc(CC(CCCc2ccccc2)(c2ccccc2)n2nnc3ccccc32)cc1,547.5420000000001,6.667500000000007
CHEMBL268903,11.0,nM,=,COC(=O)c1ccc(C(Cc2ccc(C(F)(F)P(=O)(O)O)cc2)(Cc2ccc(C(F)(F)P(=O)(O)O)cc2)n2nnc3ccccc32)cc1,707.51,5.900900000000008
CHEMBL9252,69.0,nM,=,NS(=O)(=O)c1ccccc1-c1ccc(CC(Cc2ccc(C(F)(F)P(=O)(O)O)cc2)(c2ccccc2)n2nnc3ccccc32)cc1,674.6659999999999,6.201700000000008
CHEMBL268526,12.0,nM,=,Cc1ccc2cc(-c3ccc(CC(Cc4ccc(C(F)(F)P(=O)(O)O)cc4)(c4ccccc4)n4nnc5ccccc54)cc3)cc(P(=O)(O)O)c2n1,740.6400000000001,7.213920000000009
CHEMBL269166,3.0,nM,=,O=P(O)(O)c1cccc(-c2ccc(CC(Cc3ccc(C(F)(F)P(=O)(O)O)cc3)(c3ccccc3)n3nnc4ccccc43)cc2)c1,675.5649999999999,6.3573000000000075
CHEMBL267759,38.0,nM,=,O=P(O)(O)C(F)(F)c1ccc(CC(Cc2ccc(-c3ccccc3)cc2)(c2ccccc2)n2nnc3ccccc32)cc1,595.5860000000001,7.554300000000008
CHEMBL9473,19.0,nM,=,O=P(O)(O)C(F)(F)c1ccc(CC(Cc2ccc(C(F)(F)P(=O)(O)O)cc2)(c2nc(-c3ccccc3)cs2)n2nnc3ccccc32)cc1,732.5889999999999,7.237800000000007
CHEMBL323571,350.0,nM,=,CCCCCCCCCCCCCCCCOc1ccc(S(=O)(=O)NC(=O)c2ccc3cc(C(F)(F)P(=O)(O)O)ccc3c2)cc1[N+](=O)[O-],726.7760000000003,8.953800000000001
CHEMBL382311,190.0,nM,=,CC(=O)N[C@@H](Cc1ccccc1)C(=O)N[C@@H](Cc1ccc([C@@H]2CC(=O)NS2(=O)=O)cc1)C(N)=O,486.55000000000024,-0.16259999999999797
CHEMBL372973,600.0,nM,=,O=C(O)COc1ccc(S(=O)(=O)N(Cc2ccccc2)Cc2ccc(C(F)(F)P(=O)(O)O)cc2)cc1,541.4650000000001,3.768100000000004
CHEMBL198496,1000.0,nM,=,O=C(O)COc1c(F)cc(S(=O)(=O)N(Cc2ccccc2)Cc2ccc(C(F)(F)P(=O)(O)O)cc2)cc1F,577.4450000000002,4.046300000000003
CHEMBL197932,770.0,nM,=,CC(=O)c1cccc(CN(Cc2ccc(C(F)(F)P(=O)(O)O)cc2)S(=O)(=O)c2ccc(OCC(=O)O)cc2)c1,583.5020000000003,3.9707000000000034
CHEMBL198220,630.0,nM,=,O=C(O)COc1ccc(S(=O)(=O)N(Cc2ccc(NC(=O)c3ccccc3)cc2)Cc2ccc(C(F)(F)P(=O)(O)O)cc2)cc1,660.5880000000004,5.020400000000007
CHEMBL198012,600.0,nM,=,CN(Cc1ccccc1)C(=O)CN(Cc1ccc(C(F)(F)P(=O)(O)O)cc1)S(=O)(=O)c1ccc(OCC(=O)O)cc1,612.5440000000001,3.2265000000000024
CHEMBL197929,1000.0,nM,=,O=C(O)COc1ccc(S(=O)(=O)N(Cc2ccc(C(F)(F)P(=O)(O)O)cc2)Cc2cccs2)cc1,547.4940000000001,3.8296000000000037
CHEMBL196268,180.0,nM,=,CS(=O)(=O)Nc1ccc(CN(Cc2ccc(C(F)(F)P(=O)(O)O)cc2)S(=O)(=O)c2ccc(OCC(=O)O)cc2)cc1,634.5720000000001,3.1396000000000015
CHEMBL198882,74.0,nM,=,O=C(O)COc1ccc(S(=O)(=O)N(Cc2ccc(-c3csnn3)cc2)Cc2ccc(C(F)(F)P(=O)(O)O)cc2)cc1,625.5680000000003,4.286600000000004
CHEMBL197681,220.0,nM,=,O=C(O)COc1ccc(S(=O)(=O)N(Cc2ccc(C(F)(F)P(=O)(O)O)cc2)c2ccc(-c3csnn3)cc2)cc1,611.541,4.291000000000004
CHEMBL369943,200.0,nM,=,O=P(O)(O)C(F)(F)c1ccc(CN(Cc2ccc(-c3csnn3)cc2)S(=O)(=O)c2ccccc2)cc1,551.5330000000002,4.823200000000004
CHEMBL371929,35.0,nM,=,O=C(O)COc1ccc(S(=O)(=O)N(Cc2ccc(-c3csnn3)cc2)Cc2ccc(C(F)(F)P(=O)(O)O)c(Br)c2)cc1,704.4640000000003,5.0491000000000055
CHEMBL198939,60.0,nM,=,COc1cc(CN(Cc2ccc(-c3csnn3)cc2)S(=O)(=O)c2ccc(OCC(=O)O)cc2)ccc1C(F)(F)P(=O)(O)O,655.5940000000005,4.295200000000005
CHEMBL198940,28.0,nM,=,CN(C)S(=O)(=O)c1ccc(CN(Cc2ccc(C(F)(F)P(=O)(O)O)c(Br)c2)S(=O)(=O)c2ccc(OCC(=O)O)cc2)cc1,727.495,3.7809000000000035
CHEMBL372592,31.0,nM,=,CN(Cc1ccccc1)C(=O)CN(Cc1ccc(C(F)(F)P(=O)(O)O)c(Br)c1)S(=O)(=O)c1ccc(OCC(=O)O)cc1,691.4399999999999,3.9890000000000034
CHEMBL201662,800.0,nM,=,COc1ccc(C(=O)c2ccc3c(-c4ccc(OCC(=O)O)cc4)nocc2-3)cc1,403.3900000000001,4.149400000000003
CHEMBL200117,140.0,nM,=,CCCCCCCCCCCCCCc1ccc(C(=O)c2ccc3c(-c4ccc(OCC(=O)O)cc4)nocc2-3)cc1,569.7420000000002,9.384400000000003
CHEMBL371026,270.0,nM,=,CCCCCCCCCCCCCCC(=O)c1ccc2c(-c3ccc(OCC(=O)O)cc3)nocc1-2,493.64400000000023,8.183700000000009
CHEMBL426373,4.5,nM,=,CCCCCCCCCCCCCCCC(=O)C1=C(O)[C@@H](CO)OC1=O,368.51400000000007,4.766600000000004
CHEMBL377441,76.0,nM,=,Cc1cc(C[C@H](NS(=O)(=O)c2cccc(Cl)c2)c2nc3ccccc3[nH]2)ccc1[C@@H]1CC(=O)[N-]S1(=O)=O.[Na+],581.0510000000003,1.4659199999999997
CHEMBL211352,18.0,nM,=,Cc1cc(C[C@H](NS(=O)(=O)c2ccccc2C#N)c2nc3ccccc3[nH]2)ccc1[C@@H]1CC(=O)[N-]S1(=O)=O.[Na+],571.6160000000002,0.6841999999999999
CHEMBL378614,16.0,nM,=,Cc1cc(C[C@H](NS(=O)(=O)c2ccc(Br)c(C(F)(F)F)c2)c2nc3ccccc3[nH]2)ccc1[C@@H]1CC(=O)[N-]S1(=O)=O.[Na+],693.499,2.593820000000002
CHEMBL377989,35.0,nM,=,Cc1cc(C[C@H](NS(=O)(=O)c2ccccc2)c2nc3ccccc3[nH]2)ccc1[C@@H]1CC(=O)[N-]S1(=O)=O.[Na+],546.6060000000002,0.8125200000000001
CHEMBL212319,340.0,nM,=,O=C1CC(c2ccc(C[C@H](NS(=O)(=O)c3ccccc3)c3nc4ccccc4[nH]3)cc2Br)S(=O)(=O)[N-]1.[Na+],611.4750000000001,1.2666
CHEMBL208604,50.0,nM,=,O=C1C[C@@H](c2ccc(C[C@H](NS(=O)(=O)c3ccccc3)c3nc4ccccc4[nH]3)cc2Cl)S(=O)(=O)[N-]1.[Na+],567.0240000000001,1.1575000000000002
CHEMBL377141,10.0,nM,=,O=C1CC(c2ccc(C[C@H](NS(=O)(=O)c3cccc(C(F)(F)F)c3)c3nc4cc(Cl)ccc4[nH]3)cc2F)S(=O)(=O)[N-]1.[Na+],653.0110000000002,2.3154000000000003
CHEMBL381584,15.0,nM,=,O=C1C[C@@H](c2ccc(C[C@H](NS(=O)(=O)c3cccc(F)c3)c3nc4ccccc4[nH]3)cc2F)S(=O)(=O)[N-]1.[Na+],568.5590000000001,0.7823
CHEMBL208114,18.0,nM,=,O=C1CC(c2ccc(C[C@H](NS(=O)(=O)c3ccccc3)c3nc4ccccc4[nH]3)cc2F)S(=O)(=O)[N-]1.[Na+],550.5690000000001,0.6432000000000002
CHEMBL211061,460.0,nM,=,CC(C)(C)c1cccc2[nH]c(C(Cc3ccc(C4CC(=O)NS4(=O)=O)cc3)NS(=O)(=O)c3ccc(-c4ccccc4)cc3)nc12,642.803,5.680500000000005
CHEMBL377138,240.0,nM,=,O=C1CC(c2ccc(CC(NS(=O)(=O)c3ccc(-c4ccccc4)cc3)c3nc4c(O)cccc4[nH]3)cc2)S(=O)(=O)N1,602.6940000000003,4.088600000000002
CHEMBL376950,130.0,nM,=,COc1ccc2[nH]c(C(Cc3ccc(C4CC(=O)NS4(=O)=O)cc3)NS(=O)(=O)c3ccc(-c4ccccc4)cc3)nc2c1,616.7210000000001,4.391600000000003
CHEMBL377816,160.0,nM,=,O=C1CC(c2ccc(CC(NS(=O)(=O)c3ccc(-c4ccccc4)cc3)c3nc4cc(C(F)(F)F)ccc4[nH]3)cc2)S(=O)(=O)N1,654.6920000000002,5.401800000000005
CHEMBL438957,150.0,nM,=,COC(=O)c1ccc2[nH]c(C(Cc3ccc(C4CC(=O)NS4(=O)=O)cc3)NS(=O)(=O)c3ccc(-c4ccccc4)cc3)nc2c1,644.7310000000001,4.169600000000003
CHEMBL378747,140.0,nM,=,O=C1CC(c2ccc(CC(NS(=O)(=O)c3ccc(-c4ccccc4)cc3)c3nc4cc(Cl)ccc4[nH]3)cc2)S(=O)(=O)N1,621.1400000000003,5.036400000000004
CHEMBL264833,53.0,nM,=,N#Cc1ccc2[nH]c(C(Cc3ccc(C4CC(=O)NS4(=O)=O)cc3)NS(=O)(=O)c3ccc(-c4ccccc4)cc3)nc2c1,611.7050000000002,4.254680000000002
CHEMBL378746,120.0,nM,=,O=C1CC(c2ccc(CC(NS(=O)(=O)c3ccc(-c4ccccc4)cc3)c3nc4cc(F)ccc4[nH]3)cc2)S(=O)(=O)N1,604.6850000000003,4.522100000000004
CHEMBL377978,140.0,nM,=,Cc1ccc2[nH]c(C(Cc3ccc(C4CC(=O)NS4(=O)=O)cc3)NS(=O)(=O)c3ccc(-c4ccccc4)cc3)nc2c1,600.7220000000002,4.6914200000000035
CHEMBL208982,190.0,nM,=,Cc1cccc2[nH]c(C(Cc3ccc(C4CC(=O)NS4(=O)=O)cc3)NS(=O)(=O)c3ccc(-c4ccccc4)cc3)nc12,600.7220000000001,4.6914200000000035
CHEMBL210324,72.0,nM,=,O=C1CC(c2ccc(CC(NS(=O)(=O)c3cc(F)cc(F)c3)c3nc4ccccc4[nH]3)cc2)S(=O)(=O)N1,546.5770000000001,2.9942
CHEMBL207492,110.0,nM,=,O=C1CC(c2ccc(CC(NS(=O)(=O)c3ccc(F)c(F)c3)c3nc4ccccc4[nH]3)cc2)S(=O)(=O)N1,546.5770000000001,2.9942
CHEMBL209197,160.0,nM,=,O=C1CC(c2ccc(CC(NS(=O)(=O)c3c(F)cccc3F)c3nc4ccccc4[nH]3)cc2)S(=O)(=O)N1,546.5770000000001,2.9942
CHEMBL264347,140.0,nM,=,O=C1CC(c2ccc(CC(NS(=O)(=O)c3cc(F)ccc3F)c3nc4ccccc4[nH]3)cc2)S(=O)(=O)N1,546.5770000000001,2.9942
CHEMBL437119,110.0,nM,=,O=C1CC(c2ccc(CC(NS(=O)(=O)c3ccc(F)cc3F)c3nc4ccccc4[nH]3)cc2)S(=O)(=O)N1,546.5770000000001,2.9942
CHEMBL206950,51.0,nM,=,O=C1CC(c2ccc(CC(NS(=O)(=O)c3cc(Cl)cc(Cl)c3)c3nc4ccccc4[nH]3)cc2)S(=O)(=O)N1,579.4870000000002,4.022800000000003
CHEMBL210965,79.0,nM,=,O=C1CC(c2ccc(CC(NS(=O)(=O)c3ccc(Cl)c(Cl)c3)c3nc4ccccc4[nH]3)cc2)S(=O)(=O)N1,579.4870000000002,4.022800000000003
CHEMBL377613,460.0,nM,=,O=C1CC(c2ccc(CC(NS(=O)(=O)c3c(Cl)cccc3Cl)c3nc4ccccc4[nH]3)cc2)S(=O)(=O)N1,579.4870000000002,4.022800000000003
CHEMBL207645,160.0,nM,=,O=C1CC(c2ccc(CC(NS(=O)(=O)c3cc(Cl)ccc3Cl)c3nc4ccccc4[nH]3)cc2)S(=O)(=O)N1,579.4870000000002,4.022800000000003
CHEMBL378992,280.0,nM,=,O=C1CC(c2ccc(CC(NS(=O)(=O)c3ccc(Cl)cc3Cl)c3nc4ccccc4[nH]3)cc2)S(=O)(=O)N1,579.4870000000002,4.022800000000003
CHEMBL208984,240.0,nM,=,O=C1CC(c2ccc(CC(NS(=O)(=O)c3cccc(Cl)c3Cl)c3nc4ccccc4[nH]3)cc2)S(=O)(=O)N1,579.4870000000002,4.022800000000003
CHEMBL211033,80.0,nM,=,O=C1CC(c2ccc(CC(NS(=O)(=O)c3ccc(-c4ccccc4)cc3)c3nc4ccccc4[nH]3)cc2)S(=O)(=O)N1,586.6950000000002,4.383000000000003
CHEMBL211171,94.0,nM,=,COc1ccc(S(=O)(=O)NC(Cc2ccc(C3CC(=O)NS3(=O)=O)cc2)c2nc3ccccc3[nH]2)cc1,540.6230000000003,2.7246000000000006
CHEMBL377735,48.0,nM,=,COc1cccc(S(=O)(=O)NC(Cc2ccc(C3CC(=O)NS3(=O)=O)cc2)c2nc3ccccc3[nH]2)c1,540.6230000000002,2.7246000000000006
CHEMBL383437,63.0,nM,=,N#Cc1ccc(S(=O)(=O)NC(Cc2ccc(C3CC(=O)NS3(=O)=O)cc2)c2nc3ccccc3[nH]2)cc1,535.6070000000002,2.5876800000000006
CHEMBL212260,45.0,nM,=,N#Cc1ccccc1S(=O)(=O)NC(Cc1ccc(C2CC(=O)NS2(=O)=O)cc1)c1nc2ccccc2[nH]1,535.6070000000002,2.5876800000000006
CHEMBL207489,51.0,nM,=,O=C1CC(c2ccc(CC(NS(=O)(=O)c3ccc(C(F)(F)F)cc3)c3nc4ccccc4[nH]3)cc2)S(=O)(=O)N1,578.5940000000002,3.7348000000000017
CHEMBL436933,67.0,nM,=,O=C1CC(c2ccc(CC(NS(=O)(=O)c3cccc(C(F)(F)F)c3)c3nc4ccccc4[nH]3)cc2)S(=O)(=O)N1,578.5940000000002,3.7348000000000017
CHEMBL209304,130.0,nM,=,O=C1CC(c2ccc(CC(NS(=O)(=O)c3ccccc3C(F)(F)F)c3nc4ccccc4[nH]3)cc2)S(=O)(=O)N1,578.5940000000002,3.7348000000000026
CHEMBL208985,80.0,nM,=,Cc1ccc(S(=O)(=O)NC(Cc2ccc(C3CC(=O)NS3(=O)=O)cc2)c2nc3ccccc3[nH]2)cc1,524.6240000000003,3.024420000000001
CHEMBL211076,85.0,nM,=,Cc1cccc(S(=O)(=O)NC(Cc2ccc(C3CC(=O)NS3(=O)=O)cc2)c2nc3ccccc3[nH]2)c1,524.6240000000003,3.024420000000001
CHEMBL377476,300.0,nM,=,Cc1ccccc1S(=O)(=O)NC(Cc1ccc(C2CC(=O)NS2(=O)=O)cc1)c1nc2ccccc2[nH]1,524.6240000000003,3.024420000000001
CHEMBL377774,110.0,nM,=,O=C1CC(c2ccc(CC(NS(=O)(=O)c3ccc(Br)cc3)c3nc4ccccc4[nH]3)cc2)S(=O)(=O)N1,589.4930000000002,3.4785000000000013
CHEMBL209107,77.0,nM,=,O=C1CC(c2ccc(CC(NS(=O)(=O)c3cccc(Br)c3)c3nc4ccccc4[nH]3)cc2)S(=O)(=O)N1,589.4930000000002,3.4785000000000013
CHEMBL209180,170.0,nM,=,O=C1CC(c2ccc(CC(NS(=O)(=O)c3ccccc3Br)c3nc4ccccc4[nH]3)cc2)S(=O)(=O)N1,589.4930000000002,3.4785000000000013
CHEMBL210159,110.0,nM,=,O=C1CC(c2ccc(CC(NS(=O)(=O)c3ccc(Cl)cc3)c3nc4ccccc4[nH]3)cc2)S(=O)(=O)N1,545.0420000000001,3.3694000000000015
CHEMBL212147,60.0,nM,=,O=C1CC(c2ccc(CC(NS(=O)(=O)c3cccc(Cl)c3)c3nc4ccccc4[nH]3)cc2)S(=O)(=O)N1,545.0420000000001,3.3694000000000015
CHEMBL211990,160.0,nM,=,O=C1CC(c2ccc(CC(NS(=O)(=O)c3ccccc3Cl)c3nc4ccccc4[nH]3)cc2)S(=O)(=O)N1,545.0420000000001,3.3694000000000015
CHEMBL380164,80.0,nM,=,O=C1CC(c2ccc(CC(NS(=O)(=O)c3ccc(F)cc3)c3nc4ccccc4[nH]3)cc2)S(=O)(=O)N1,528.5870000000001,2.8551
CHEMBL424880,43.0,nM,=,O=C1CC(c2ccc(CC(NS(=O)(=O)c3cccc(F)c3)c3nc4ccccc4[nH]3)cc2)S(=O)(=O)N1,528.5870000000001,2.8551
CHEMBL210837,120.0,nM,=,O=C1CC(c2ccc(CC(NS(=O)(=O)c3ccccc3F)c3nc4ccccc4[nH]3)cc2)S(=O)(=O)N1,528.5870000000001,2.8551
CHEMBL210836,32.0,nM,=,O=C1C[C@@H](c2ccc(C[C@H](NS(=O)(=O)c3ccccc3)c3nc4ccccc4[nH]3)cc2)S(=O)(=O)[N-]1.[Na+],532.5790000000002,0.5041
CHEMBL2113226,590.0,nM,=,CS(=O)(=O)N[C@@H](Cc1ccc([C@@H]2CC(=O)NS2(=O)=O)cc1)c1nc2ccccc2[nH]1.O=C(O)C(F)(F)F,562.5480000000003,1.9199999999999997
CHEMBL377905,940.0,nM,=,CC(=O)N[C@@H](Cc1ccc([C@@H]2CC(=O)NS2(=O)=O)cc1)c1nc2ccccc2[nH]1,412.47100000000006,1.8735999999999997
CHEMBL2113225,600.0,nM,=,O=C(CCc1ccccc1)N[C@@H](Cc1ccc([C@@H]2CC(=O)NS2(=O)=O)cc1)c1nc2ccccc2[nH]1.O=C(O)C(F)(F)F,616.6180000000003,4.119800000000002
CHEMBL211655,35.0,nM,=,CC(=O)N[C@@H](Cc1ccccc1)C(=O)N[C@@H](Cc1ccc([C@@H]2CC(=O)NS2(=O)=O)cc1)c1nc2ccccc2[nH]1,559.6480000000003,2.6010999999999997
CHEMBL245425,330.0,nM,=,O=C1CC(c2ccc(C[C@H](Nc3nc4ccc(C(F)(F)F)cc4s3)c3nc4ccccc4[nH]3)cc2)S(=O)(=O)N1,571.6060000000001,5.478100000000005
CHEMBL440955,270.0,nM,=,O=C1C[C@@H](c2ccc(C[C@H](Nc3nc4ccccc4s3)c3nc4ccccc4[nH]3)cc2)S(=O)(=O)N1,503.60900000000015,4.459300000000003
CHEMBL248490,480.0,nM,=,O=C1CC(c2ccc(C[C@H](Nc3nc4ccccc4s3)c3nc4ccccc4[nH]3)cc2)S(=O)(=O)N1,503.60900000000015,4.459300000000003
CHEMBL248291,32.0,nM,=,Cc1cc(C[C@H](NS(=O)(=O)c2ccccc2)c2nc3ccccc3[nH]2)ccc1[C@@H]1CC(=O)NS1(=O)=O,524.6240000000003,3.024420000000001
CHEMBL247278,460.0,nM,=,Cc1cc(C[C@H](Nc2nc3ccccc3s2)c2nc3ccccc3[nH]2)ccc1C1CC(=O)NS1(=O)=O,517.6360000000002,4.767720000000004
CHEMBL395386,400.0,nM,=,N#Cc1cc(C[C@H](Nc2nc3ccccc3s2)c2nc3ccccc3[nH]2)ccc1C1CC(=O)NS1(=O)=O,528.6190000000001,4.330980000000004
CHEMBL430200,280.0,nM,=,O=C1CC(c2ccc(C[C@H](Nc3nc4ccccc4s3)c3nc4ccccc4[nH]3)cc2Cl)S(=O)(=O)N1,538.0540000000002,5.112700000000004
CHEMBL247075,230.0,nM,=,O=C1CC(c2ccc(C[C@H](Nc3nc4ccccc4s3)c3nc4ccccc4[nH]3)cc2F)S(=O)(=O)N1,521.5990000000002,4.598400000000003
CHEMBL396584,470.0,nM,=,N#Cc1ccc2[nH]c([C@H](Cc3ccc(C4CC(=O)NS4(=O)=O)cc3)Nc3nc4ccccc4s3)nc2c1,528.6190000000001,4.330980000000003
CHEMBL396583,410.0,nM,=,O=C1CC(c2ccc(C[C@H](Nc3nc4ccccc4s3)c3nc4cc(Cl)ccc4[nH]3)cc2)S(=O)(=O)N1,538.0540000000001,5.112700000000005
CHEMBL247074,150.0,nM,=,O=C1CC(c2ccc(C[C@H](Nc3nc4ccccc4s3)c3nc4cc(C(F)(F)F)ccc4[nH]3)cc2)S(=O)(=O)N1,571.6060000000001,5.478100000000005
CHEMBL394382,620.0,nM,=,O=C1CC(c2ccc(C[C@H](Nc3nc4cc(Br)ccc4s3)c3nc4ccccc4[nH]3)cc2)S(=O)(=O)N1,582.5050000000001,5.221800000000004
CHEMBL246869,500.0,nM,=,O=C1CC(c2ccc(C[C@H](Nc3nc4ccc(Br)cc4s3)c3nc4ccccc4[nH]3)cc2)S(=O)(=O)N1,582.5050000000001,5.221800000000004
CHEMBL398020,470.0,nM,=,N#Cc1ccc2nc(N[C@@H](Cc3ccc(C4CC(=O)NS4(=O)=O)cc3)c3nc4ccccc4[nH]3)sc2c1,528.6190000000001,4.330980000000003
CHEMBL437371,550.0,nM,=,COc1cccc2sc(N[C@@H](Cc3ccc(C4CC(=O)NS4(=O)=O)cc3)c3nc4ccccc4[nH]3)nc12,533.6350000000001,4.467900000000002
CHEMBL246659,350.0,nM,=,COc1ccc2nc(N[C@@H](Cc3ccc(C4CC(=O)NS4(=O)=O)cc3)c3nc4ccccc4[nH]3)sc2c1,533.6350000000001,4.467900000000003
CHEMBL246452,970.0,nM,=,O=C1CC(c2ccc(C[C@H](Nc3nc4cc(Cl)ccc4s3)c3nc4ccccc4[nH]3)cc2)S(=O)(=O)N1,538.0540000000002,5.112700000000004
CHEMBL246247,440.0,nM,=,O=C1CC(c2ccc(C[C@H](Nc3nc4ccc(Cl)cc4s3)c3nc4ccccc4[nH]3)cc2)S(=O)(=O)N1,538.0540000000002,5.112700000000004
CHEMBL246038,660.0,nM,=,O=C1CC(c2ccc(C[C@H](Nc3nc4c(F)cccc4s3)c3nc4ccccc4[nH]3)cc2)S(=O)(=O)N1,521.5990000000002,4.598400000000003
CHEMBL246036,420.0,nM,=,O=C1CC(c2ccc(C[C@H](Nc3nc4cc(F)ccc4s3)c3nc4ccccc4[nH]3)cc2)S(=O)(=O)N1,521.5990000000002,4.598400000000003
CHEMBL391816,490.0,nM,=,O=C1CC(c2ccc(C[C@H](Nc3nc4ccc(F)cc4s3)c3nc4ccccc4[nH]3)cc2)S(=O)(=O)N1,521.5990000000002,4.598400000000003
CHEMBL245831,740.0,nM,=,O=C1CC(c2ccc(C[C@H](Nc3nc4c(C(F)(F)F)cccc4s3)c3nc4ccccc4[nH]3)cc2)S(=O)(=O)N1,571.6060000000001,5.478100000000005
CHEMBL402032,32.0,nM,=,Cc1cc(CC(NS(=O)(=O)c2cccc(F)c2)c2ncc(CCCCOc3cccc(O)c3C(=O)O)[nH]2)ccc1C1CC(=O)NS1(=O)=O,700.7670000000004,3.8158200000000013
CHEMBL274743,160.0,nM,=,COC(=O)c1c(O)cccc1OCCCCc1cnc(C(Cc2ccc(C3CC(=O)NS3(=O)=O)c(C)c2)NS(=O)(=O)c2cccc(F)c2)[nH]1,714.7940000000002,3.9042200000000022
CHEMBL403935,120.0,nM,=,Cc1cc(CC(NS(=O)(=O)c2cccc(F)c2)c2ncc(CCCOc3cccc(O)c3C(=O)O)[nH]2)ccc1C1CC(=O)NS1(=O)=O,686.7400000000004,3.425720000000001
CHEMBL253501,350.0,nM,=,COC(=O)c1c(O)cccc1OCCCc1cnc(C(Cc2ccc(C3CC(=O)NS3(=O)=O)c(C)c2)NS(=O)(=O)c2cccc(F)c2)[nH]1,700.7670000000003,3.514120000000002
CHEMBL253478,260.0,nM,=,O=C1CC(c2ccc(CC(NS(=O)(=O)c3cccc(F)c3)c3ncc(CCCCc4ccccc4)[nH]3)cc2)S(=O)(=O)N1,610.7330000000004,4.267300000000002
CHEMBL253500,43.0,nM,=,O=C1CC(c2ccc(CC(NS(=O)(=O)c3cccc(F)c3)c3ncc(CCCc4ccccc4)[nH]3)cc2)S(=O)(=O)N1,596.7060000000004,3.877200000000002
CHEMBL403746,180.0,nM,=,O=C1CC(c2ccc(CC(NS(=O)(=O)c3cccc(F)c3)c3ncc(CCc4ccccc4)[nH]3)cc2)S(=O)(=O)N1,582.6790000000002,3.4871000000000016
CHEMBL404319,250.0,nM,=,O=C1CC(c2ccc(CC(NS(=O)(=O)c3cccc(F)c3)c3ncc(Cc4ccccc4)[nH]3)cc2)S(=O)(=O)N1,568.6520000000002,3.292700000000001
CHEMBL253282,160.0,nM,=,O=C1CC(c2ccc(CC(NS(=O)(=O)c3cccc(F)c3)c3ncc(-c4ccccc4)[nH]3)cc2)S(=O)(=O)N1,554.6250000000001,3.368900000000001
CHEMBL403681,200.0,nM,=,O=C1CC(c2ccc(CC(NS(=O)(=O)c3cccc(C(F)(F)F)c3)c3ncc(CCCCc4ccccc4)[nH]3)cc2)S(=O)(=O)N1,660.7400000000004,5.147000000000004
CHEMBL253269,52.0,nM,=,O=C1CC(c2ccc(CC(NS(=O)(=O)c3cccc(C(F)(F)F)c3)c3ncc(CCCc4ccccc4)[nH]3)cc2)S(=O)(=O)N1,646.7130000000003,4.7569000000000035
CHEMBL403680,170.0,nM,=,O=C1CC(c2ccc(CC(NS(=O)(=O)c3cccc(C(F)(F)F)c3)c3ncc(CCc4ccccc4)[nH]3)cc2)S(=O)(=O)N1,632.6860000000003,4.366800000000002
CHEMBL252277,300.0,nM,=,O=C1CC(c2ccc(CC(NS(=O)(=O)c3cccc(C(F)(F)F)c3)c3ncc(Cc4ccccc4)[nH]3)cc2)S(=O)(=O)N1,618.6590000000002,4.172400000000002
CHEMBL403908,100.0,nM,=,O=C1CC(c2ccc(CC(NS(=O)(=O)c3cccc(C(F)(F)F)c3)c3ncc(-c4ccccc4)[nH]3)cc2)S(=O)(=O)N1,604.6320000000002,4.248600000000003
CHEMBL403468,22.0,nM,=,Cc1cc(CC(NS(=O)(=O)c2cccc(F)c2)C2=NC[C@@H](CCCCOc3cccc(O)c3C(=O)O)N2)ccc1C1CC(=O)NS1(=O)=O,702.7830000000004,2.937920000000001
CHEMBL253270,110.0,nM,=,COC(=O)c1c(O)cccc1OCCCC[C@@H]1CN=C(C(Cc2ccc(C3CC(=O)NS3(=O)=O)c(C)c2)NS(=O)(=O)c2cccc(F)c2)N1,716.8100000000003,3.02632
CHEMBL253477,160.0,nM,=,Cc1cc(CC(NS(=O)(=O)c2cccc(F)c2)C2=NC[C@@H](CCCOc3cccc(S(C)(=O)=O)c3)N2)ccc1C1CC(=O)NS1(=O)=O,706.8400000000004,2.5475200000000005
CHEMBL253476,23.0,nM,=,Cc1cc(CC(NS(=O)(=O)c2cccc(F)c2)C2=NC[C@@H](CCOc3cccc(S(C)(=O)=O)c3)N2)ccc1C1CC(=O)NS1(=O)=O,692.8130000000003,2.15742
CHEMBL253201,800.0,nM,=,Cc1cc(CC(NS(=O)(=O)c2cccc(F)c2)C2=NC[C@@H](COc3cccc(S(C)(=O)=O)c3)N2)ccc1C1CC(=O)NS1(=O)=O,678.7860000000003,1.7673200000000002
CHEMBL403577,130.0,nM,=,O=C1CC(c2ccc(CC(NS(=O)(=O)c3cccc(F)c3)C3=NC[C@@H](CCc4ccccc4)N3)cc2)S(=O)(=O)N1,584.6950000000003,2.6092000000000004
CHEMBL428589,64.0,nM,=,O=C1CC(c2ccc(CC(NS(=O)(=O)c3cccc(F)c3)C3=NC[C@@H](Cc4ccccc4F)N3)cc2)S(=O)(=O)N1,588.6580000000002,2.3582
CHEMBL253475,210.0,nM,=,O=C1CC(c2ccc(CC(NS(=O)(=O)c3cccc(F)c3)C3=NC[C@@H](Cc4ccccc4)N3)cc2)S(=O)(=O)N1,570.6680000000002,2.2191
CHEMBL252710,150.0,nM,=,O=C1CC(c2ccc(CC(NS(=O)(=O)c3cccc(C(F)(F)F)c3)C3=NC[C@@H](Cc4ccccc4)N3)cc2)S(=O)(=O)N1,620.6750000000003,3.0988000000000016
CHEMBL403116,660.0,nM,=,O=C1CC(c2ccc(CC(NS(=O)(=O)c3cccc(C(F)(F)F)c3)C3=NC[C@@H](c4ccccc4)N3)cc2)S(=O)(=O)N1,606.6480000000003,3.2288000000000006
CHEMBL253268,930.0,nM,=,CC1(C)CN=C(C(Cc2ccc(C3CC(=O)NS3(=O)=O)cc2)NS(=O)(=O)c2cccc(C(F)(F)F)c2)N1,558.6040000000002,2.2661
CHEMBL253066,810.0,nM,=,C[C@H]1CN=C(C(Cc2ccc(C3CC(=O)NS3(=O)=O)cc2)NS(=O)(=O)c2cccc(C(F)(F)F)c2)N1,544.5770000000001,1.876
CHEMBL253065,540.0,nM,=,C[C@@H]1CN=C(C(Cc2ccc(C3CC(=O)NS3(=O)=O)cc2)NS(=O)(=O)c2cccc(C(F)(F)F)c2)N1,544.5770000000001,1.876
CHEMBL401833,700.0,nM,=,O=C1CC(c2ccc(CC(NS(=O)(=O)c3cccc(C(F)(F)F)c3)C3=NCCN3)cc2)S(=O)(=O)N1,530.5500000000002,1.4875000000000003
CHEMBL254513,240.0,nM,=,O=C1CC(c2ccc(CC(NS(=O)(=O)c3cccc(C(F)(F)F)c3)c3ncc[nH]3)cc2)S(=O)(=O)N1,528.5340000000001,2.5816
CHEMBL410646,16.0,nM,=,CC(Cc1ccc(C(F)(F)P(=O)(O)O)cc1)(c1ccccc1)n1nnc2ccccc21,443.3900000000001,4.664500000000006
CHEMBL260442,310.0,nM,=,N#Cc1ccc2cc(C(F)(F)P(=O)(O)O)c(Br)cc2c1,362.066,3.7009800000000013
CHEMBL259628,4.7,nM,=,N#Cc1ccc2cc(Br)c(C(F)(F)P(=O)(O)O)cc2c1,362.06600000000003,3.700980000000002
CHEMBL259051,90.0,nM,=,N#CCc1ccc2cc(Br)c(C(F)(F)P(=O)(O)O)cc2c1,376.093,3.895380000000002
CHEMBL259050,510.0,nM,=,COCc1ccc2cc(Br)c(C(F)(F)P(=O)(O)O)cc2c1,381.109,3.9757000000000033
CHEMBL408382,330.0,nM,=,Cc1ccc2cc(Br)c(C(F)(F)P(=O)(O)O)cc2c1,351.083,4.1377200000000025
CHEMBL260914,250.0,nM,=,NC(=O)c1ccc2cc(Br)c(C(F)(F)P(=O)(O)O)cc2n1,381.069,2.323200000000001
CHEMBL261108,45.0,nM,=,O=C(NCc1ccccc1)c1ccc2cc(Br)c(C(F)(F)P(=O)(O)O)cc2n1,471.1940000000001,4.154300000000004
CHEMBL261362,27.0,nM,=,O=C(Nc1cccc(F)c1)c1ccc2cc(Br)c(C(F)(F)P(=O)(O)O)cc2n1,475.1570000000001,4.615700000000002
CHEMBL261418,60.0,nM,=,O=C(Nc1ccccc1)c1ccc2cc(Br)c(C(F)(F)P(=O)(O)O)cc2n1,457.1670000000001,4.476600000000002
CHEMBL411295,7.0,nM,=,O=C(O)c1cccc(/C=C/c2ccc3cc(Br)c(C(F)(F)P(=O)(O)O)cc3n2)c1,484.1890000000001,5.092900000000003
CHEMBL261419,160.0,nM,=,O=P(O)(O)C(F)(F)c1cc2nc(/C=C/c3ccccc3)ccc2cc1Br,440.18000000000006,5.394700000000004
CHEMBL494537,900.0,nM,=,O=C(O)c1ccc(-c2ccc(Cc3c(-c4ccc(O)cc4)oc4ccccc4c3=O)cc2)cc1O,464.4730000000001,5.827200000000007
CHEMBL495142,1000.0,nM,=,O=C(O)c1ccc(-c2ccc(Cc3c(-c4ccc(O)cc4)oc4cc(O)ccc4c3=O)cc2)cc1O,480.47200000000015,5.532800000000006
CHEMBL1162223,6.0,nM,=,NS(=O)(=O)c1cc(-c2ccc(CSCc3ccc(C(F)(F)P(=O)(O)O)c(Br)c3)cc2)ccc1Br,657.2890000000001,6.186400000000005
CHEMBL1162226,30.0,nM,=,NS(=O)(=O)C(F)(F)c1cc(-c2ccc(CSCc3ccc(C(F)(F)P(=O)(O)O)c(Br)c3)cc2)ccc1Br,707.296,6.876800000000006
CHEMBL505561,870.0,nM,=,COc1ccc(OC)c([C@@H]2O[C@H](Cn3cc(COC(=O)c4cccc(C(=O)OCc5cn(C[C@H]6O[C@@H](c7cc(OC)ccc7OC)[C@H](OC(=O)c7ccccc7)[C@@H](OC(=O)c7ccccc7)[C@@H]6OC(=O)c6ccccc6)nn5)c4)nn3)[C@@H](OC(=O)c3ccccc3)[C@H](OC(=O)c3ccccc3)[C@H]2OC(=O)c2ccccc2)c1,1517.5200000000007,11.25179999999999
CHEMBL510405,720.0,nM,=,O=C1C=CC(=O)C([C@@H]2O[C@H](Cn3cc(COC(=O)c4cccc(C(=O)OCc5cn(C[C@H]6O[C@@H](C7=CC(=O)C=CC7=O)[C@H](OC(=O)c7ccccc7)[C@@H](OC(=O)c7ccccc7)[C@H]6OC(=O)c6ccccc6)nn5)c4)nn3)[C@H](OC(=O)c3ccccc3)[C@H](OC(=O)c3ccccc3)[C@H]2OC(=O)c2ccccc2)=C1,1457.3800000000003,7.740800000000009
CHEMBL446857,620.0,nM,=,O=C1C=CC(=O)C([C@@H]2O[C@H](Cn3cc(COC(=O)c4cccc(C(=O)OCc5cn(C[C@H]6O[C@@H](C7=CC(=O)C=CC7=O)[C@H](OC(=O)c7ccccc7)[C@@H](OC(=O)c7ccccc7)[C@@H]6OC(=O)c6ccccc6)nn5)c4)nn3)[C@@H](OC(=O)c3ccccc3)[C@H](OC(=O)c3ccccc3)[C@H]2OC(=O)c2ccccc2)=C1,1457.3800000000003,7.740800000000009
CHEMBL508150,880.0,nM,=,COc1ccc(OC)c([C@@H]2O[C@H](Cn3cc(COC(=O)c4cccc(C(=O)OCc5cn(C[C@H]6O[C@@H](c7cc(OC)ccc7OC)[C@H](OC(=O)c7ccccc7)[C@@H](OC(=O)c7ccccc7)[C@H]6OC(=O)c6ccccc6)nn5)c4)nn3)[C@H](OC(=O)c3ccccc3)[C@H](OC(=O)c3ccccc3)[C@H]2OC(=O)c2ccccc2)c1,1517.5200000000007,11.25179999999999
CHEMBL214378,820.0,nM,=,O=C(O)COc1c(C(=O)O)sc(-c2ccc(NC(=O)c3cccnc3)cc2)c1Br,477.29200000000014,3.986500000000002
CHEMBL504291,880.0,nM,=,CC1(C)CC[C@]2(CCCCCCC(=O)O)CC[C@]3(C)C(=CC[C@@H]4[C@@]5(C)CC[C@H](O)C(C)(C)[C@@H]5CC[C@]43C)[C@@H]2C1,540.8730000000003,9.574200000000001
CHEMBL445491,780.0,nM,=,CC1(C)CC[C@]2(CCCCCCCCC(=O)O)CC[C@]3(C)C(=CC[C@@H]4[C@@]5(C)CC[C@H](O)C(C)(C)[C@@H]5CC[C@]43C)[C@@H]2C1,568.9270000000001,10.354399999999993
CHEMBL501267,720.0,nM,=,CC1(C)CC[C@]2(CCCCCCCCCCC(=O)O)CC[C@]3(C)C(=CC[C@@H]4[C@@]5(C)CC[C@H](O)C(C)(C)[C@@H]5CC[C@]43C)[C@@H]2C1,596.9810000000001,11.134599999999988
CHEMBL443950,590.0,nM,=,CC1(C)CC[C@]2(CCCCCCCCCCCCC(=O)O)CC[C@]3(C)C(=CC[C@@H]4[C@@]5(C)CC[C@H](O)C(C)(C)[C@@H]5CC[C@]43C)[C@@H]2C1,625.035,11.914799999999984
CHEMBL509443,570.0,nM,=,CC1(C)CC[C@]2(CCCCC(=O)N[C@@H](Cc3ccccc3)C(=O)O)CC[C@]3(C)C(=CC[C@@H]4[C@@]5(C)CC[C@H](O)C(C)(C)[C@@H]5CC[C@]43C)[C@@H]2C1,659.9960000000001,9.521500000000001
CHEMBL503669,740.0,nM,=,CC1(C)CC[C@]2(CCCCC(=O)N[C@H](Cc3ccccc3)C(=O)O)CC[C@]3(C)C(=CC[C@@H]4[C@@]5(C)CC[C@H](O)C(C)(C)[C@@H]5CC[C@]43C)[C@@H]2C1,659.9960000000001,9.521500000000001
CHEMBL509868,590.0,nM,=,CC1(C)CC[C@]2(CCCCC(=O)N[C@@H](Cc3c[nH]c4ccccc34)C(=O)O)CC[C@]3(C)C(=CC[C@@H]4[C@@]5(C)CC[C@H](O)C(C)(C)[C@@H]5CC[C@]43C)[C@@H]2C1,699.033,10.002799999999997
CHEMBL450403,550.0,nM,=,CSCC[C@H](NC(=O)CCCC[C@]12CCC(C)(C)C[C@H]1C1=CC[C@@H]3[C@@]4(C)CC[C@H](O)C(C)(C)[C@@H]4CC[C@@]3(C)[C@]1(C)CC2)C(=O)O,644.019,9.031900000000007
CHEMBL301567,560.0,nM,=,CC1(C)CC[C@]2(CCCCC(=O)NC(Cc3ccccc3Cl)C(=O)O)CC[C@]3(C)C(=CC[C@@H]4[C@@]5(C)CC[C@H](O)C(C)(C)[C@@H]5CC[C@]43C)[C@@H]2C1,694.4409999999999,10.174899999999996
CHEMBL447660,510.0,nM,=,CC1(C)CC[C@]2(CCCCC(=O)NC(Cc3cccc(Cl)c3)C(=O)O)CC[C@]3(C)C(=CC[C@@H]4[C@@]5(C)CC[C@H](O)C(C)(C)[C@@H]5CC[C@]43C)[C@@H]2C1,694.4409999999999,10.174899999999996
CHEMBL462163,610.0,nM,=,CC1(C)CC[C@]2(CCCCC(=O)NC(Cc3ccc(Cl)cc3)C(=O)O)CC[C@]3(C)C(=CC[C@@H]4[C@@]5(C)CC[C@H](O)C(C)(C)[C@@H]5CC[C@]43C)[C@@H]2C1,694.4409999999999,10.174899999999996
CHEMBL449659,570.0,nM,=,CC1(C)CC[C@]2(CCCCC(=O)NC(Cc3ccc(F)cc3)C(=O)O)CC[C@]3(C)C(=CC[C@@H]4[C@@]5(C)CC[C@H](O)C(C)(C)[C@@H]5CC[C@]43C)[C@@H]2C1,677.9860000000001,9.6606
CHEMBL504704,450.0,nM,=,CC1(C)CC[C@]2(CCCCC(=O)NC(Cc3ccc([N+](=O)[O-])cc3)C(=O)O)CC[C@]3(C)C(=CC[C@@H]4[C@@]5(C)CC[C@H](O)C(C)(C)[C@@H]5CC[C@]43C)[C@@H]2C1,704.9929999999999,9.429700000000002
CHEMBL452449,550.0,nM,=,Cc1ccccc1CC(NC(=O)CCCC[C@]12CCC(C)(C)C[C@H]1C1=CC[C@@H]3[C@@]4(C)CC[C@H](O)C(C)(C)[C@@H]4CC[C@@]3(C)[C@]1(C)CC2)C(=O)O,674.023,9.829920000000001
CHEMBL443398,650.0,nM,=,Cc1ccc(CC(NC(=O)CCCC[C@]23CCC(C)(C)C[C@H]2C2=CC[C@@H]4[C@@]5(C)CC[C@H](O)C(C)(C)[C@@H]5CC[C@@]4(C)[C@]2(C)CC3)C(=O)O)cc1,674.023,9.829920000000001
CHEMBL446573,530.0,nM,=,COc1ccccc1CC(NC(=O)CCCC[C@]12CCC(C)(C)C[C@H]1C1=CC[C@@H]3[C@@]4(C)CC[C@H](O)C(C)(C)[C@@H]4CC[C@@]3(C)[C@]1(C)CC2)C(=O)O,690.022,9.530100000000003
CHEMBL506260,520.0,nM,=,COc1cccc(CC(NC(=O)CCCC[C@]23CCC(C)(C)C[C@H]2C2=CC[C@@H]4[C@@]5(C)CC[C@H](O)C(C)(C)[C@@H]5CC[C@@]4(C)[C@]2(C)CC3)C(=O)O)c1,690.022,9.530100000000003
CHEMBL510867,600.0,nM,=,COc1ccc(CC(NC(=O)CCCC[C@]23CCC(C)(C)C[C@H]2C2=CC[C@@H]4[C@@]5(C)CC[C@H](O)C(C)(C)[C@@H]5CC[C@@]4(C)[C@]2(C)CC3)C(=O)O)cc1,690.022,9.530100000000003
CHEMBL507502,440.0,nM,=,CC1(C)CC[C@]2(CCCCC(=O)NC(Cc3ccc4c(c3)OCO4)C(=O)O)CC[C@]3(C)C(=CC[C@@H]4[C@@]5(C)CC[C@H](O)C(C)(C)[C@@H]5CC[C@]43C)[C@@H]2C1,704.005,9.250200000000003
CHEMBL443663,660.0,nM,=,COc1cccc(CC(NC(=O)CCCC[C@]23CCC(C)(C)C[C@H]2C2=CC[C@@H]4[C@@]5(C)CC[C@H](O)C(C)(C)[C@@H]5CC[C@@]4(C)[C@]2(C)CC3)C(=O)O)c1OC,720.048,9.538700000000002
CHEMBL443091,820.0,nM,=,COc1ccc(CC(NC(=O)CCCC[C@]23CCC(C)(C)C[C@H]2C2=CC[C@@H]4[C@@]5(C)CC[C@H](O)C(C)(C)[C@@H]5CC[C@@]4(C)[C@]2(C)CC3)C(=O)O)cc1OC,720.048,9.538700000000004
CHEMBL448797,630.0,nM,=,COc1cc(CC(NC(=O)CCCC[C@]23CCC(C)(C)C[C@H]2C2=CC[C@@H]4[C@@]5(C)CC[C@H](O)C(C)(C)[C@@H]5CC[C@@]4(C)[C@]2(C)CC3)C(=O)O)cc(OC)c1,720.048,9.538700000000004
CHEMBL506556,620.0,nM,=,CC1(C)CC[C@]2(C(=O)O)CC[C@]3(C)C(=CC[C@@H]4[C@@]5(C)CC[C@H](OCc6cccc(C(=O)O)c6)C(C)(C)[C@@H]5CC[C@]43C)[C@@H]2C1,590.845,9.156300000000002
CHEMBL508831,540.0,nM,=,CC1(C)CC[C@]2(C(=O)O)CC[C@]3(C)C(=CC[C@@H]4[C@@]5(C)CC[C@H](OCc6ccc(C(=O)O)cc6)C(C)(C)[C@@H]5CC[C@]43C)[C@@H]2C1,590.845,9.156300000000002
CHEMBL499413,150.0,nM,=,CC1(C)CC[C@]2(CCCCC(=O)N[C@@H](Cc3ccccc3)C(=O)O)CC[C@]3(C)C(=CC[C@@H]4[C@@]5(C)CC[C@H](OCc6ccc(C(=O)O)cc6)C(C)(C)[C@@H]5CC[C@]43C)[C@@H]2C1,794.13,11.444199999999991
CHEMBL492413,770.0,nM,=,COc1cc([C@@H]2O[C@H](CNC(=O)c3ccccc3C(=O)O)[C@@H](OC(=O)c3ccccc3)[C@H](OC(=O)c3ccccc3)[C@H]2OC(=O)c2ccccc2)c(OC)c2ccccc12,809.8240000000002,7.101900000000008
CHEMBL453868,530.0,nM,=,O=C(O)c1cc(/C=C/c2ccc(/C=C/c3cc(C(=O)O)c(O)c(-c4ccco4)c3)cc2)cc(-c2ccco2)c1O,534.5200000000002,7.355000000000007
CHEMBL551842,800.0,nM,=,CCCCCc1c2c(cc(O)c1C(=O)O)OC(=O)c1c(cc(OC)cc1C(=O)CCCC)O2,456.4910000000003,5.529500000000004
CHEMBL559312,429.0,nM,=,O=C(CCCCc1cccs1)Nc1ccc2c(c1)C[C@@H](C(=O)O)OC2,359.4470000000002,3.6255000000000015
CHEMBL550462,383.7,nM,=,O=C(CCCCc1cccs1)Nc1ccc2c(c1)CO[C@H](C(=O)O)C2,359.4470000000002,3.6255000000000015
CHEMBL570779,553.3,nM,=,O=C(CCCc1cccs1)Nc1ccc2c(c1)C[C@@H](C(=O)O)OC2,345.42000000000013,3.235400000000001
CHEMBL550662,510.3,nM,=,O=C(CCCc1cccs1)Nc1ccc2c(c1)CO[C@H](C(=O)O)C2,345.42000000000013,3.235400000000001
CHEMBL556076,385.7,nM,=,CC1(C)SCC(CCC(=O)Nc2ccc3c(c2)C[C@@H](C(=O)O)OC3)S1,381.5190000000002,3.515900000000001
CHEMBL549372,353.7,nM,=,CC1(C)SCC(CCC(=O)Nc2ccc3c(c2)CO[C@H](C(=O)O)C3)S1,381.5190000000002,3.515900000000001
CHEMBL564699,164.7,nM,=,CC1(C)SCC(CCCCC(=O)Nc2ccc3c(c2)C[C@@H](C(=O)O)OC3)S1,409.57300000000015,4.296100000000003
CHEMBL556636,135.7,nM,=,CC1(C)SCC(CCCCC(=O)Nc2ccc3c(c2)CO[C@H](C(=O)O)C3)S1,409.57300000000015,4.296100000000003
CHEMBL562468,668.7,nM,=,O=C(CCC1CSC(c2ccccc2)(c2ccccc2)S1)Nc1ccc2c(c1)C[C@@H](C(=O)O)OC2,505.6610000000003,5.681100000000005
CHEMBL556913,637.7,nM,=,O=C(CCC1CSC(c2ccccc2)(c2ccccc2)S1)Nc1ccc2c(c1)CO[C@H](C(=O)O)C2,505.6610000000003,5.681100000000005
CHEMBL557393,104.3,nM,=,O=C(CCCCC1CCSS1)Nc1ccc2c(c1)C[C@@H](C(=O)O)OC2,381.51900000000023,3.8651000000000018
CHEMBL556914,95.67,nM,=,O=C(CCCCC1CCSS1)Nc1ccc2c(c1)CO[C@H](C(=O)O)C2,381.51900000000023,3.8651000000000018
CHEMBL562469,80.0,nM,=,O=C(CCCC[C@@H]1CCSS1)Nc1ccc2c(c1)C[C@@H](C(=O)O)OC2,381.51900000000023,3.8651000000000018
CHEMBL564124,51.63,nM,=,O=C(CCCC[C@@H]1CCSS1)Nc1ccc2c(c1)CO[C@H](C(=O)O)C2,381.51900000000023,3.8651000000000018
CHEMBL554726,167.3,nM,=,O=C(CCCC[C@@H]1CCSCS1)Nc1ccc2c(c1)C[C@@H](C(=O)O)OC2,395.5460000000002,3.907600000000002
CHEMBL551671,114.3,nM,=,O=C(CCCC[C@@H]1CCSCS1)Nc1ccc2c(c1)CO[C@H](C(=O)O)C2,395.5460000000002,3.907600000000002
CHEMBL557450,566.7,nM,=,O=C(CCCC[C@@H]1CCSC(c2ccccc2)(c2ccccc2)S1)Nc1ccc2c(c1)C[C@@H](C(=O)O)OC2,547.7420000000002,6.851400000000006
CHEMBL563436,518.7,nM,=,O=C(CCCC[C@@H]1CCSC(c2ccccc2)(c2ccccc2)S1)Nc1ccc2c(c1)CO[C@H](C(=O)O)C2,547.7420000000002,6.851400000000007
CHEMBL557655,304.0,nM,=,O=C(CCCC[C@@H]1CCSS1)Nc1ccc2c(c1)C(=O)O[C@H](C(=O)O)C2,395.50200000000024,3.505300000000001
CHEMBL562135,148.7,nM,=,CO[C@@H](Cc1ccc(NC(=O)CCCC[C@@H]2CCSS2)cc1)C(=O)O,383.53499999999997,3.9813000000000027
CHEMBL564439,113.0,nM,=,CCO[C@@H](Cc1ccc(NC(=O)CCCC[C@@H]2CCSS2)cc1)C(=O)O,397.562,4.371400000000003
CHEMBL562392,373.7,nM,=,CCCO[C@@H](Cc1ccc(NC(=O)CCCC[C@@H]2CCSS2)cc1)C(=O)O,411.58900000000006,4.761500000000003
CHEMBL557861,358.3,nM,=,CCCCO[C@@H](Cc1ccc(NC(=O)CCCC[C@@H]2CCSS2)cc1)C(=O)O,425.6160000000001,5.151600000000004
CHEMBL583504,640.0,nM,=,CC1(C)CC[C@]2(C(=O)O)CC[C@]3(C)C(=CC[C@@H]4[C@@]5(C)Cc6cnn(C(=O)c7cccnc7)c6C(C)(C)[C@@H]5CC[C@]43C)[C@@H]2C1,583.817,7.86660000000001
CHEMBL555056,610.0,nM,=,CC1(C)CC[C@]2(C(=O)O)CC[C@]3(C)C(=CC[C@@H]4[C@@]5(C)Cc6c([nH]c7ccccc67)C(C)(C)[C@@H]5CC[C@]43C)[C@@H]2C1,527.7930000000002,9.067900000000002
CHEMBL583505,810.0,nM,=,CC1(C)CC[C@]2(C(=O)O)CC[C@]3(C)C(=CC[C@@H]4[C@@]5(C)Cc6cnn(C(=O)c7ccncc7)c6C(C)(C)[C@@H]5CC[C@]43C)[C@@H]2C1,583.817,7.86660000000001
CHEMBL584481,420.0,nM,=,O=C1/C(=C/c2cn(-c3ccccc3)nc2-c2ccc(OCc3ccccc3F)cc2)SC(=S)N1CCS(=O)(=O)O,595.6990000000003,5.3464000000000045
CHEMBL565795,460.0,nM,=,O=C1/C(=C/c2cn(-c3ccccc3)nc2-c2ccc(OCc3ccc(Cl)cc3)cc2)SC(=S)N1CCS(=O)(=O)O,612.1540000000002,5.860700000000005
CHEMBL567069,590.0,nM,=,O=C1/C(=C/c2cn(-c3ccccc3)nc2-c2ccc(OCc3ccccc3Cl)cc2)SC(=S)N1CCS(=O)(=O)O,612.1540000000002,5.860700000000005
CHEMBL590155,70.0,nM,=,CCc1csc([C@H](Cc2ccc(NS(=O)(=O)O)cc2)NC(=O)[C@H](CC(C)C)C(=O)OC)n1,483.61200000000025,3.1555000000000017
CHEMBL591978,130.0,nM,=,O=C1CN(Cc2ccc(-c3cccc(N4CCc5ccc(F)cc54)c3)cc2)S(=O)(=O)N1,437.49600000000004,3.363500000000002
CHEMBL592291,30.0,nM,<,COc1ccc2cc(O)c(N3CC(=O)[N-]S3(=O)=O)cc2c1.[K+],346.40500000000003,-1.476899999999999
CHEMBL601290,80.0,nM,=,O=C1CN(c2cc(-c3ccc[nH]3)ccc2O)S(=O)(=O)N1,293.30400000000003,0.5682999999999999
CHEMBL604457,12.6,nM,=,CS(=O)(=O)OC1C(Cl)CCCC1Cc1ccc(N2CC(=O)CS2(=O)=O)c(O)c1,451.95000000000016,1.4059000000000001
CHEMBL592290,14.0,nM,=,O=C1CN(c2c(O)cc(CC3CCCCC3)cc2F)S(=O)(=O)C1,341.404,2.373
CHEMBL590689,23.0,nM,=,Cc1cc(CC(NS(=O)(=O)c2cccc(F)c2)C2=N[C@H](CCOc3ccccc3S(C)(=O)=O)CN2)ccc1C1CC(=O)NS1(=O)=O,692.8130000000003,2.15742
CHEMBL607027,27.0,nM,=,O=C1C[C@@H](c2ccc(C[C@H](Nc3nc4ccccc4s3)c3nc4ccccc4[nH]3)cc2F)S(=O)(=O)N1,521.5990000000002,4.598400000000003
CHEMBL592245,32.0,nM,=,Cc1cc(C[C@H](NS(=O)(=O)c2ccccc2)c2nc3ccccc3[nH]2)ccc1N1CC(=O)NS1(=O)=O,525.6120000000002,2.3146199999999997
CHEMBL590480,16.0,nM,=,CCC(CC)c1ccc(N(Cc2cccc(-c3ccc(COc4ccc(C[C@H](NC(C)=O)C(=O)O)cc4)cc3)c2)C(C)C)cc1,606.8070000000002,8.383000000000006
CHEMBL590103,600.0,nM,=,Cc1ccccc1S(=O)(=O)N(Cc1ccc(C(=O)C(F)(F)P(=O)(O)O)cc1)Cc1ccc(C(=O)C(F)(F)P(=O)(O)O)cc1,667.4630000000004,4.292520000000005
CHEMBL590235,5.0,nM,=,COC(CC(C)C)c1ccc2ccc(-c3ccc(C(Cc4ccc(C(F)(F)P(=O)(O)O)cc4)(c4ccccc4)n4nnc5ccccc54)cc3)c(P(=O)(O)O)c2n1,812.7470000000001,8.444700000000005
CHEMBL1077438,190.0,nM,=,CCCCCCCCCCCCCCCc1cc(O[C@@H]2O[C@H](CO)[C@@H](O)[C@H](O)[C@H]2O)cc(O)c1C(=O)Oc1cc(C)c(C(=O)O)c(O)c1,676.8000000000001,5.136020000000009
CHEMBL1078307,220.0,nM,=,CCCCCCCCCCCCCCCc1cc(O)cc(O)c1C(=O)Oc1cc(C)c(C(=O)O)c(O)c1,514.6590000000002,7.662920000000009
CHEMBL1078662,590.0,nM,=,CCCCCCCCCCCCCCCc1cc(O[C@@H]2O[C@H](CO)[C@@H](O)[C@H](O)[C@H]2O)cc(O)c1C(=O)O,526.6670000000001,3.902800000000004
CHEMBL1097720,350.0,nM,=,CCCCCCCCCCCCCCCCCC(=O)c1cc(C(=O)Nc2ccccc2C(=O)O)[nH]n1,497.6800000000001,7.804400000000008
CHEMBL1095726,410.0,nM,=,CCCCCCCCCCCCCCCCCC(=O)c1cc(C(=O)Nc2ccsc2C(=O)O)[nH]n1,503.7090000000001,7.865900000000008
CHEMBL1086020,457.09,nM,=,O=C(O)/C=C/C(=O)Nc1cc(-c2ccc(-c3c(Cc4ccccc4)oc4ccccc34)cc2)ccc1O,489.52700000000016,6.642500000000005
CHEMBL1082937,120.23,nM,=,O=C(O)[C@H](Oc1ccc(-c2ccc(-c3c(Cc4ccc(O)cc4O)sc4ccccc34)cc2)cc1)c1ccccc1,558.6550000000002,8.442000000000004
CHEMBL1163236,330.0,nM,=,CC(C)=C[C@@H]1C[C@](O)([C@H]2CC[C@@H]3[C@@H]2CC[C@H]2[C@@]3(C)CC[C@H]3C(C)(C)[C@@H](OC(=O)c4cccc(C(=O)O)c4)CC[C@]23C)C(=O)O1,606.8000000000002,7.218000000000008
CHEMBL1163239,270.0,nM,=,CC(C)=C[C@@H]1C[C@](O)([C@H]2CC[C@@H]3[C@@H]2CC[C@H]2[C@@]3(C)CC[C@H]3C(C)(C)[C@@H](OC(=O)c4ccc(C(=O)O)cc4)CC[C@]23C)C(=O)O1,606.8000000000002,7.218000000000008
CHEMBL1163240,500.0,nM,=,CC(C)=C[C@@H]1C[C@](O)([C@H]2CC[C@@H]3[C@@H]2CC[C@H]2[C@@]3(C)CC[C@H]3C(C)(C)[C@@H](OC(=O)c4ccc(C(=O)O)c([N+](=O)[O-])c4)CC[C@]23C)C(=O)O1,651.7970000000001,7.126200000000009
CHEMBL1240534,220.0,nM,=,O=C(O)C(=O)c1ccc(OCc2ccc(COc3ccc(C(=O)C(=O)O)cc3)c(C(=O)Nc3ccc(Oc4ccc(-c5ccccc5)cc4)cc3)c2)cc1,721.7180000000002,8.090800000000007
CHEMBL1240790,490.0,nM,=,CCc1ccc(Oc2ccc(NC(=O)c3cc(COc4ccc(C(=O)C(=O)O)cc4)ccc3COc3ccc(C(=O)C(=O)O)cc3)cc2)cc1,673.6740000000003,6.986200000000006
CHEMBL1242458,515.0,nM,=,Cc1ccc(-c2nc(-c3ccc4oc5c(C(=O)O)cccc5c4c3)cs2)cc1,385.4440000000001,6.383120000000004
CHEMBL1242552,201.0,nM,=,O=C(O)c1cccc2c1oc1ccc(-c3csc(-c4ccc([N+](=O)[O-])cc4)n3)cc12,416.4140000000001,5.9829000000000025
CHEMBL1242457,185.0,nM,=,Nc1ccc(-c2nc(-c3ccc4oc5c(C(=O)O)cccc5c4c3)cs2)cc1,386.4320000000001,5.656900000000003
CHEMBL1242363,257.0,nM,=,CN(C)c1ccc(-c2nc(-c3ccc4oc5c(C(=O)O)cccc5c4c3)cs2)cc1,414.48600000000005,6.140700000000003
CHEMBL1242362,82.0,nM,=,O=C(O)c1cccc2c1oc1ccc(-c3csc(-c4ccc(N5CCCC5)cc4)n3)cc12,440.5240000000002,6.674900000000004
CHEMBL1242553,121.0,nM,=,O=C(O)c1cccc2c1oc1ccc(-c3csc(-c4ccc(N5CCCCC5)cc4)n3)cc12,454.5510000000003,7.065000000000004
CHEMBL1242642,280.0,nM,=,O=C(O)c1cccc2c1oc1ccc(-c3csc(-c4ccc(N5CCOCC5)cc4)n3)cc12,456.52300000000025,5.911300000000004
CHEMBL1242643,187.0,nM,=,CC1CN(c2ccc(-c3nc(-c4ccc5oc6c(C(=O)O)cccc6c5c4)cs3)cc2)CC(C)O1,484.57700000000017,6.688300000000005
CHEMBL1242735,388.0,nM,=,O=C(O)c1ccc(-c2nc(-c3ccc4oc5c(C(=O)O)cccc5c4c3)cs2)cc1,415.42600000000004,5.772900000000003
CHEMBL1241314,177.0,nM,=,O=C(O)c1cccc2c1oc1ccc(-c3csc(-c4cc(Br)c(C(=O)[C@H](Cc5ccccc5)C(=O)O)c(Br)c4)n3)cc12,705.3800000000001,8.725900000000003
CHEMBL1242736,395.0,nM,=,O=C(O)c1cccc2c1oc1ccc(-c3csc(-c4ccc(I)cc4)n3)cc12,497.31300000000005,6.679300000000003
CHEMBL1242826,425.0,nM,=,O=C(O)c1cccc2c1oc1ccc(-c3csc(-c4cccc(I)c4)n3)cc12,497.31300000000005,6.679300000000003
CHEMBL1242827,620.0,nM,=,O=C(O)/C=C/c1ccc(-c2nc(-c3ccc4oc5c(C(=O)O)cccc5c4c3)cs2)cc1,441.4640000000001,6.172500000000003
CHEMBL1241469,551.0,nM,=,O=C(O)/C=C/c1cccc(-c2nc(-c3ccc4oc5c(C(=O)O)cccc5c4c3)cs2)c1,441.4640000000001,6.172500000000003
CHEMBL1241315,38.0,nM,=,CCc1cc(C[C@H]2NC(=O)CN(CCCCOc3cccc(O)c3C(=O)OC)C2=O)ccc1N(C(=O)C(=O)O)c1ccccc1C(=O)O,661.6640000000003,2.917399999999999
CHEMBL508583,1000.0,nM,=,CC(C)[C@@H](CC[C@@H](C)[C@H]1CC[C@H]2[C@@H]3[C@H](O)C[C@H]4C[C@@H](NCCCNCCCCNCCCN)CC[C@]4(C)[C@H]3CC[C@]12C)OS(=O)(=O)O,685.0730000000004,5.532900000000006
CHEMBL1650889,190.0,nM,=,COc1ccc(-c2oc3cc(O)c(C(=O)O)cc3c2-c2cn(CCCC(=O)Nc3cccc4ccccc34)nn2)cc1,562.5820000000002,6.342800000000006
CHEMBL1650891,205.0,nM,=,Cc1ccc(-c2oc3cc(O)c(C(=O)O)cc3c2-c2cn(CCCC(=O)Nc3ccc(Cl)c4ccccc34)nn2)cc1,581.0280000000001,7.296020000000005
CHEMBL1650892,214.0,nM,=,Cc1ccc(-c2oc3cc(O)c(C(=O)O)cc3c2-c2cn(CCCC(=O)Nc3cccc4ccccc34)nn2)cc1,546.5830000000002,6.642620000000006
CHEMBL1650893,217.0,nM,=,COc1ccc2nc(NC(=O)CCCn3cc(-c4c(-c5cccc(C)c5)oc5cc(O)c(C(=O)O)cc45)nn3)sc2c1,583.6260000000001,6.107720000000005
CHEMBL1765346,20.0,nM,=,CN(CCCCCl)P(=O)(OCc1cc([N+](=O)[O-])co1)C(F)(F)c1ccc(CC(=O)N[C@@H](CC(=O)O)C(=O)N[C@@H](Cc2ccc(C(F)(F)P(=O)(OCc3ccc([N+](=O)[O-])o3)N(C)CCCCCl)cc2)C(N)=O)cc1,1114.761,8.223800000000008
CHEMBL1765347,40.0,nM,=,CCCCCNC(=O)[C@H](Cc1ccc([C@@H]2CC(=O)NS2(=O)=O)cc1)NC(=O)[C@H](Cc1ccccc1)NC(=O)Cc1ccc(OC)cc1,662.809,2.8899000000000035
CHEMBL1765349,220.0,nM,=,O=C(O)c1ccc(COc2cccc(/C=C3\S/C(=N\c4ccccc4)N(Cc4ccc(C(=O)O)cc4)C3=O)c2)cc1,564.6190000000003,6.466200000000006
CHEMBL1765350,220.0,nM,=,CCCC(CCC)c1ccc(OCc2ccc(-c3csc(CN(CC(=O)O)Cc4ncc(C(C)(C)C)s4)n3)cc2)cc1,605.8700000000003,8.913700000000002
CHEMBL184041,384.0,nM,=,Cc1cc(-c2c3ccccc3c(Br)c3sc(C)c(C)c23)cc(C)c1O[C@H](Cc1ccccc1)C(=O)O,559.5250000000003,8.792380000000005
CHEMBL1933093,570.0,nM,=,CC(C)(C)N.Cc1oc(/C=C/CCC(C)C)nc1CCOc1ccc2c(c1)CN(C(=O)/C=C/c1ccco1)[C@H](C(=O)O)C2,591.7490000000003,6.441820000000007
CHEMBL1935611,940.0,nM,=,CC(C)(C)N.CCCCCC(=O)N1Cc2cc(OCCc3nc(/C=C/CCC(C)C)oc3C)ccc2C[C@H]1C(=O)O,569.7870000000005,6.715720000000008
CHEMBL1935608,950.0,nM,=,CC(C)(C)N.CC(C)=C/C=C/C(=O)N1Cc2cc(OCCc3nc(/C=C/CCC(C)C)oc3C)ccc2C[C@H]1C(=O)O,579.7820000000004,6.657820000000008
CHEMBL1938814,5.0,nM,=,O=C(c1ccccc1)C(Cc1ccc2cc(Br)c(C(F)(F)P(=O)(O)O)cc2c1)(Cc1ccc2cc(Br)c(C(F)(F)P(=O)(O)O)cc2c1)n1nnc2ccccc21,935.3960000000001,9.780299999999988
CHEMBL1938815,288.0,nM,=,O=C(O)COc1ccc(S(=O)(=O)N(Cc2ccc(-c3csnn3)cc2)Cc2ccc(Br)c(C(F)(F)P(=O)(O)O)c2)cc1,704.4640000000004,5.0491000000000055
CHEMBL1938816,35.0,nM,=,O=C(O)COc1ccc(S(=O)(=O)N(Cc2ccc(-c3csnn3)cc2)Cc2ccc(C(F)(F)P(=O)(O)O)c(F)c2)cc1,643.5580000000003,4.425700000000005
CHEMBL1938817,141.0,nM,=,O=C(O)COc1ccc(S(=O)(=O)N(Cc2ccc(-c3csnn3)cc2)Cc2ccc(F)c(C(F)(F)P(=O)(O)O)c2)cc1,643.5580000000004,4.425700000000005
CHEMBL1938818,47.0,nM,=,NS(=O)(=O)C(F)(F)c1ccc(CN(Cc2ccc(-c3csnn3)cc2)S(=O)(=O)c2ccc(OCC(=O)O)cc2)cc1Br,703.5650000000002,4.159900000000004
CHEMBL1938819,31.0,nM,=,NS(=O)(=O)C(F)(F)c1ccc(CN(Cc2ccc(-c3csnn3)cc2)S(=O)(=O)c2ccc(OCC(=O)O)cc2)cc1F,642.6590000000002,3.536500000000003
CHEMBL1938820,500.0,nM,=,O=C(O)COc1ccc(S(=O)(=O)N(Cc2ccc(-c3csnn3)cc2)Cc2ccc(C3CC(=O)NS3(=O)=O)cc2)cc1,628.7100000000004,2.950400000000001
CHEMBL1938821,470.0,nM,=,Cc1cc(CN(Cc2ccc(-c3csnn3)cc2)S(=O)(=O)c2ccc(OCC(=O)O)cc2)ccc1C1CC(=O)NS1(=O)=O,642.7370000000003,3.25882
CHEMBL1938822,480.0,nM,=,O=C(O)COc1ccc(S(=O)(=O)N(Cc2ccc(-c3csnn3)cc2)Cc2ccc(C3CC(=O)NS3(=O)=O)c(Br)c2)cc1,707.6060000000003,3.712900000000003
CHEMBL1938823,460.0,nM,=,O=C(O)COc1ccc(S(=O)(=O)N(Cc2ccc(-c3csnn3)cc2)Cc2ccc(C3CC(=O)NS3(=O)=O)c(F)c2)cc1,646.7000000000004,3.089500000000002
CHEMBL1938824,17.0,nM,=,O=C(O)COc1ccc(S(=O)(=O)N(Cc2ccc(-c3csnn3)cc2)Cc2ccc3cc(Br)c(C(F)(F)P(=O)(O)O)cc3c2)cc1,754.5240000000005,6.202300000000006
CHEMBL1938825,18.0,nM,=,O=C(O)COc1ccc(S(=O)(=O)N(Cc2ccc(-c3csnn3)cc2)Cc2ccc3cc(Br)c(C(F)(F)P(=O)(O)O)cc3n2)cc1,755.5120000000004,5.597300000000006
CHEMBL1938826,39.0,nM,=,NS(=O)(=O)C(F)(F)c1cc2cc(CN(Cc3ccc(-c4csnn4)cc3)S(=O)(=O)c3ccc(OCC(=O)O)cc3)ccc2cc1Br,753.6250000000001,5.313100000000005
CHEMBL1938827,41.0,nM,=,NS(=O)(=O)C(F)(F)c1cc2nc(CN(Cc3ccc(-c4csnn4)cc3)S(=O)(=O)c3ccc(OCC(=O)O)cc3)ccc2cc1Br,754.613,4.708100000000004
CHEMBL1938828,9.0,nM,=,O=C(O)COc1ccc(S(=O)(=O)N(Cc2ccc(-c3csnn3)cc2)Cc2ccc3cc(F)c(C(F)(F)P(=O)(O)O)cc3c2)cc1,693.6180000000005,5.578900000000006
CHEMBL1938829,11.0,nM,=,O=C(O)COc1ccc(S(=O)(=O)N(Cc2ccc(-c3csnn3)cc2)Cc2ccc3cc(F)c(C(F)(F)P(=O)(O)O)cc3n2)cc1,694.6060000000004,4.973900000000006
CHEMBL1938830,35.0,nM,=,NS(=O)(=O)C(F)(F)c1cc2cc(CN(Cc3ccc(-c4csnn4)cc3)S(=O)(=O)c3ccc(OCC(=O)O)cc3)ccc2cc1F,692.7190000000002,4.689700000000005
CHEMBL1938831,38.0,nM,=,NS(=O)(=O)C(F)(F)c1cc2nc(CN(Cc3ccc(-c4csnn4)cc3)S(=O)(=O)c3ccc(OCC(=O)O)cc3)ccc2cc1F,693.7070000000001,4.084700000000003
CHEMBL374829,680.0,nM,=,Oc1c(O)c(Br)c(Cc2c(Br)c(O)c(O)c(Br)c2Br)c(Br)c1Br,705.611,6.674800000000004
CHEMBL2158214,550.0,nM,=,O=C(O)c1ccc(COc2ccc(/C=C3\S/C(=N\c4ccccc4)N(Cc4ccc(C(=O)O)cc4)C3=O)cc2)cc1,564.6190000000003,6.466200000000006
CHEMBL2206072,1000.0,nM,=,CNc1nc(N)nc2nc(-c3ccccc3C(F)(F)F)c(S(C)(=O)=O)cc12,397.3820000000001,2.7380000000000013
CHEMBL2206071,250.0,nM,=,CNc1nc(N)nc2nc(-c3ccccc3C(F)(F)F)c(C(=O)O)cc12,363.2990000000001,3.032700000000001
CHEMBL2206070,270.0,nM,=,CCCc1cc2c(NC)nc(N)nc2nc1-c1ccccc1C(F)(F)F,361.371,4.287000000000003
CHEMBL2203315,500.0,nM,=,CNc1nc(N)nc2nc(-c3ccccc3C(F)(F)F)c(C)cc12,333.31700000000006,3.642920000000002
CHEMBL2206069,620.0,nM,=,CNc1nc(N)nc2nc(-c3c(F)cccc3N3CCCC3)ccc12,338.3900000000002,3.0550000000000015
CHEMBL2206068,820.0,nM,=,CNc1nc(N)nc2nc(-c3c(Cl)cccc3N3CCCC3)ccc12,354.8450000000002,3.569300000000003
CHEMBL2206067,430.0,nM,=,CNc1nc(N)nc2nc(-c3c(N4CCCC4)cccc3C(F)(F)F)ccc12,388.397,3.934700000000003
CHEMBL2206064,200.0,nM,=,CNc1nc(N)nc2nc(-c3c(Oc4ccccc4)cccc3C(F)(F)F)ccc12,411.38700000000006,5.126800000000003
CHEMBL2206063,350.0,nM,=,CNc1nc(N)nc2nc(-c3c(SC)cccc3C(F)(F)F)ccc12,365.38400000000007,4.056400000000002
CHEMBL2205522,560.0,nM,=,CNc1nc(N)nc2nc(-c3c(OC)cccc3C(F)(F)F)ccc12,349.31600000000003,3.3431000000000015
CHEMBL2205521,260.0,nM,=,CNc1nc(N)nc2nc(-c3c(F)cccc3C(F)(F)F)ccc12,337.28000000000003,3.473600000000001
CHEMBL2205520,510.0,nM,=,CNc1nc(N)nc2nc(-c3c(Cl)cccc3Cl)ccc12,320.18300000000005,3.6225000000000014
CHEMBL2205519,960.0,nM,=,CNc1nc(N)nc2nc(-c3cc(Cl)ccc3Cl)ccc12,320.18300000000005,3.6225000000000014
CHEMBL2205518,610.0,nM,=,CNc1nc(N)nc2nc(-c3ccc(Cl)cc3Cl)ccc12,320.18300000000005,3.6225000000000014
CHEMBL2205515,530.0,nM,=,CNc1nc(N)nc2nc(-c3ccccc3Br)ccc12,330.189,3.0782000000000016
CHEMBL2206073,480.0,nM,=,CNc1nc(N)nc2nc(-c3ccccc3C(F)(F)F)ccc12,319.29,3.334500000000001
CHEMBL2216806,480.0,nM,=,O=C(O)CN1C(=O)/C(=C/c2ccc(-c3ccc(OCc4ccccc4)cc3)cc2)SC1=S,461.5640000000001,5.2184000000000035
CHEMBL2262828,150.0,nM,=,CC1(C)CC[C@]2(CCCCC(=O)NC(Cc3ccccc3)C(=O)O)CC[C@]3(C)C(=CC[C@@H]4[C@@]5(C)CC[C@H](OCc6ccc(C(=O)O)cc6)C(C)(C)[C@@H]5CC[C@]43C)[C@@H]2C1,794.13,11.444199999999991
CHEMBL2262830,630.0,nM,=,COc1cc(CC(NC(=O)C[C@]23CCC(C)(C)C[C@H]2C2=CC[C@@H]4[C@@]5(C)CC[C@H](O)C(C)(C)[C@@H]5CC[C@@]4(C)[C@]2(C)CC3)C(=O)O)cc(OC)c1,677.9670000000002,8.368400000000008
CHEMBL2262829,820.0,nM,=,COc1ccc(CC(NC(=O)C[C@]23CCC(C)(C)C[C@H]2C2=CC[C@@H]4[C@@]5(C)CC[C@H](O)C(C)(C)[C@@H]5CC[C@@]4(C)[C@]2(C)CC3)C(=O)O)cc1OC,677.9670000000002,8.368400000000008
CHEMBL2262837,660.0,nM,=,COc1cccc(CC(NC(=O)C[C@]23CCC(C)(C)C[C@H]2C2=CC[C@@H]4[C@@]5(C)CC[C@H](O)C(C)(C)[C@@H]5CC[C@@]4(C)[C@]2(C)CC3)C(=O)O)c1OC,677.9670000000001,8.368400000000008
CHEMBL2262836,440.0,nM,=,CC1(C)CC[C@]2(CC(=O)NC(Cc3ccc4c(c3)OCO4)C(=O)O)CC[C@]3(C)C(=CC[C@@H]4[C@@]5(C)CC[C@H](O)C(C)(C)[C@@H]5CC[C@]43C)[C@@H]2C1,661.9240000000002,8.07990000000001
CHEMBL2262835,600.0,nM,=,COc1ccc(CC(NC(=O)C[C@]23CCC(C)(C)C[C@H]2C2=CC[C@@H]4[C@@]5(C)CC[C@H](O)C(C)(C)[C@@H]5CC[C@@]4(C)[C@]2(C)CC3)C(=O)O)cc1,647.9410000000003,8.359800000000009
CHEMBL2262834,520.0,nM,=,COc1cccc(CC(NC(=O)C[C@]23CCC(C)(C)C[C@H]2C2=CC[C@@H]4[C@@]5(C)CC[C@H](O)C(C)(C)[C@@H]5CC[C@@]4(C)[C@]2(C)CC3)C(=O)O)c1,647.9410000000001,8.359800000000009
CHEMBL2262833,530.0,nM,=,COc1ccccc1CC(NC(=O)C[C@]12CCC(C)(C)C[C@H]1C1=CC[C@@H]3[C@@]4(C)CC[C@H](O)C(C)(C)[C@@H]4CC[C@@]3(C)[C@]1(C)CC2)C(=O)O,647.9410000000001,8.35980000000001
CHEMBL2262832,650.0,nM,=,Cc1ccc(CC(NC(=O)C[C@]23CCC(C)(C)C[C@H]2C2=CC[C@@H]4[C@@]5(C)CC[C@H](O)C(C)(C)[C@@H]5CC[C@@]4(C)[C@]2(C)CC3)C(=O)O)cc1,631.9420000000002,8.65962000000001
CHEMBL2262831,550.0,nM,=,Cc1ccccc1CC(NC(=O)C[C@]12CCC(C)(C)C[C@H]1C1=CC[C@@H]3[C@@]4(C)CC[C@H](O)C(C)(C)[C@@H]4CC[C@@]3(C)[C@]1(C)CC2)C(=O)O,631.9420000000001,8.65962000000001
CHEMBL2263115,450.0,nM,=,CC1(C)CC[C@]2(CC(=O)NC(Cc3ccc([N+](=O)[O-])cc3)C(=O)O)CC[C@]3(C)C(=CC[C@@H]4[C@@]5(C)CC[C@H](O)C(C)(C)[C@@H]5CC[C@]43C)[C@@H]2C1,662.9120000000001,8.259400000000008
CHEMBL2263114,570.0,nM,=,CC1(C)CC[C@]2(CC(=O)NC(Cc3ccc(F)cc3)C(=O)O)CC[C@]3(C)C(=CC[C@@H]4[C@@]5(C)CC[C@H](O)C(C)(C)[C@@H]5CC[C@]43C)[C@@H]2C1,635.9050000000001,8.490300000000008
CHEMBL2263113,610.0,nM,=,CC1(C)CC[C@]2(CC(=O)NC(Cc3ccc(Cl)cc3)C(=O)O)CC[C@]3(C)C(=CC[C@@H]4[C@@]5(C)CC[C@H](O)C(C)(C)[C@@H]5CC[C@]43C)[C@@H]2C1,652.3600000000001,9.004600000000003
CHEMBL2263112,510.0,nM,=,CC1(C)CC[C@]2(CC(=O)NC(Cc3cccc(Cl)c3)C(=O)O)CC[C@]3(C)C(=CC[C@@H]4[C@@]5(C)CC[C@H](O)C(C)(C)[C@@H]5CC[C@]43C)[C@@H]2C1,652.3600000000001,9.004600000000003
CHEMBL2263111,560.0,nM,=,CC1(C)CC[C@]2(CC(=O)NC(Cc3ccccc3Cl)C(=O)O)CC[C@]3(C)C(=CC[C@@H]4[C@@]5(C)CC[C@H](O)C(C)(C)[C@@H]5CC[C@]43C)[C@@H]2C1,652.3600000000001,9.004600000000003
CHEMBL2263110,550.0,nM,=,CSCCC(NC(=O)C[C@]12CCC(C)(C)C[C@H]1C1=CC[C@@H]3[C@@]4(C)CC[C@H](O)C(C)(C)[C@@H]4CC[C@@]3(C)[C@]1(C)CC2)C(=O)O,601.9380000000002,7.86160000000001
CHEMBL2263109,590.0,nM,=,CC1(C)CC[C@]2(CC(=O)NC(CC3=CCc4ccccc43)C(=O)O)CC[C@]3(C)C(=CC[C@@H]4[C@@]5(C)CC[C@H](O)C(C)(C)[C@@H]5CC[C@]43C)[C@@H]2C1,655.964,9.138300000000005
CHEMBL2263107,570.0,nM,=,CC1(C)CC[C@]2(CC(=O)NC(Cc3ccccc3)C(=O)O)CC[C@]3(C)C(=CC[C@@H]4[C@@]5(C)CC[C@H](O)C(C)(C)[C@@H]5CC[C@]43C)[C@@H]2C1,617.9150000000002,8.35120000000001
CHEMBL2262838,590.0,nM,=,CC1(C)CC[C@]2(C(=O)OCCCCCCCCCCCCC(=O)O)CC[C@]3(C)C(=CC[C@@H]4[C@@]5(C)CC[C@H](O)C(C)(C)[C@@H]5CC[C@]43C)[C@@H]2C1,669.0440000000001,11.06789999999999
CHEMBL2263120,720.0,nM,=,CC1(C)CC[C@]2(C(=O)OCCCCCCCCCCC(=O)O)CC[C@]3(C)C(=CC[C@@H]4[C@@]5(C)CC[C@H](O)C(C)(C)[C@@H]5CC[C@]43C)[C@@H]2C1,640.99,10.287699999999996
CHEMBL2263119,780.0,nM,=,CC1(C)CC[C@]2(C(=O)OCCCCCCCCC(=O)O)CC[C@]3(C)C(=CC[C@@H]4[C@@]5(C)CC[C@H](O)C(C)(C)[C@@H]5CC[C@]43C)[C@@H]2C1,612.936,9.507500000000002
CHEMBL2263118,880.0,nM,=,CC1(C)CC[C@]2(C(=O)OCCCCCCC(=O)O)CC[C@]3(C)C(=CC[C@@H]4[C@@]5(C)CC[C@H](O)C(C)(C)[C@@H]5CC[C@]43C)[C@@H]2C1,584.8820000000001,8.727300000000007
CHEMBL2375455,560.0,nM,=,CC1(C)CC[C@]2(C(=O)NCCCCCC(=O)O)CC[C@]3(C)C(=CC[C@@H]4[C@@]5(C)CC[C@H](O[C@@H]6O[C@H](C(=O)O)[C@@H](O)[C@H](O)[C@H]6O)C(C)(C)[C@@H]5CC[C@]43C)[C@@H]2C1,745.9950000000002,5.826700000000006
CHEMBL2424687,349.95,nM,=,N#CC1=C(N)N(c2ccccc2)N=C2COCC=C21,252.277,1.51308
CHEMBL2436043,770.0,nM,=,O=C(CCc1c[nH]c2ccccc12)N[C@@H](Cc1ccc(OCc2ccccc2)cc1)c1nc(C(=O)Nc2ccc(C(=O)O)cc2F)c(-c2ccccc2)s1,738.8410000000003,8.9928
CHEMBL2436038,710.0,nM,=,O=C(CCc1c[nH]c2ccccc12)N[C@@H](Cc1ccc(OCc2ccccc2)cc1)c1nc(C(=O)Nc2cc(Cl)ccc2C(=O)O)c(-c2ccccc2)s1,755.2960000000003,9.5071
CHEMBL2436037,540.0,nM,=,O=C(CCc1c[nH]c2ccccc12)N[C@@H](Cc1ccc(OCc2ccccc2)cc1)c1nc(C(=O)Nc2cc(F)ccc2C(=O)O)c(-c2ccccc2)s1,738.8410000000003,8.992800000000003
CHEMBL3219384,1000.0,nM,=,COC(c1ccc(C)cc1)c1cnn2c(-c3ccccc3)cc3c(Cl)cccc3c12,412.9200000000001,6.852120000000005
CHEMBL3234649,780.0,nM,=,CC1(C)CC[C@]2(C(=O)O[C@@H]3O[C@H](CNC(=O)c4ccccc4C(=O)O)[C@@H](O)[C@H](O)[C@H]3O)CC[C@]3(C)C(=CC[C@@H]4[C@@]5(C)CC[C@H](O[C@@H]6O[C@H](CO)[C@@H](O[C@@H]7O[C@H](CO)[C@@H](O)[C@H](O)[C@H]7O)[C@H](O)[C@H]6O)C(C)(C)[C@@H]5CC[C@]43C)[C@@H]2C1,1090.2670000000003,1.2764000000000053
CHEMBL3394773,700.0,nM,=,O=C(O)c1nnc(-c2ccc(-c3ccccc3)cc2)o1,266.25600000000003,3.1018000000000017
CHEMBL3402413,590.0,nM,=,O=C(OC1CSSC1)c1ccc(C#CCCCCOC(=O)c2cc(Br)ccc2Br)cc1,584.3510000000002,6.510800000000004
CHEMBL3426931,240.0,nM,=,CN1C(=O)/C(=C\c2ccc(OCc3ccc(C4CCCCC4)cc3)cc2)S/C1=N/c1ccc(CC(=O)O)cc1,540.6850000000003,7.174200000000006
CHEMBL110642,400.0,nM,=,C=C1OC(=O)C(C(=O)CCCCCCCCCCCCCCC)=C1O,350.4990000000001,5.919400000000006
CHEMBL3427127,500.0,nM,=,CCCCCCCCCCCCCCCC(=O)C1=C(O)C(COC(=O)c2ccccc2C(=O)c2ccccc2)OC1=O,576.7300000000002,7.862300000000008
CHEMBL3427126,300.0,nM,=,CCCCCCCCCCCCCCCC(=O)C1=C(O)C(COC(=O)c2ccc(C(=O)c3ccccc3)cc2)OC1=O,576.7300000000002,7.862300000000008
CHEMBL3427125,400.0,nM,=,CCCCCCCCCCCCCCCC(=O)C1=C(O)C(COC(C)=O)OC1=O,410.55100000000016,5.337400000000004
CHEMBL3427124,400.0,nM,=,CCCCCCCCCCCCCCCC(=O)C1=C(O)C(COS(C)(=O)=O)OC1=O,446.60600000000017,4.750500000000003
CHEMBL233760,700.0,nM,=,CCCCCCCCCCCCCCCC(=O)C1=C(O)C(CO)OC1=O,368.51400000000007,4.766600000000004
CHEMBL3427131,1000.0,nM,=,CCCCCCCCCCCCCCCC(=O)C1=C(O)OC(C)(C)OC1=O,382.5410000000001,6.115900000000006
CHEMBL3427132,600.0,nM,=,CCCCCCCCCCCCCCCCCC(=O)C1=C(O)OC(C)(C)OC1=O,410.59500000000014,6.896100000000008
CHEMBL3427137,800.0,nM,=,CCCCCCCCCCCCCCCC(=O)C1=C(O)OC(C)(CC)OC1=O,396.56800000000015,6.5060000000000064
CHEMBL3427224,800.0,nM,=,CCCCCCCCCCCCCCCC(=O)C1=C(O)OC2(CCCC2)OC1=O,408.57900000000024,6.650100000000006
CHEMBL3585579,690.0,nM,=,O=C1NC(=O)/C(=C/c2ccc(-c3ccc(OCc4ccccc4)cc3)cc2)S1,387.46,5.256500000000003
CHEMBL168,500.0,nM,=,CC1(C)CC[C@]2(C(=O)O)CC[C@]3(C)C(=CC[C@@H]4[C@@]5(C)CC[C@H](O)C(C)(C)[C@@H]5CC[C@]43C)[C@@H]2C1,456.7110000000003,7.233600000000009
CHEMBL3593822,756.0,nM,=,CCOc1cc(NS(C)(=O)=O)c(OCC)cc1CNC(=O)NCc1ccccc1,421.5190000000001,2.8549000000000007
CHEMBL3593821,204.0,nM,=,CCOc1cc(NS(C)(=O)=O)c(OCC)cc1CNC(=O)Nc1ccc(OC)c(OC)c1,467.5440000000002,3.1944000000000017
CHEMBL3593819,203.0,nM,=,CCOc1cc(NS(C)(=O)=O)c(OCC)cc1CNC(=O)Nc1ccc(OC)cc1,437.51800000000014,3.1858000000000013
CHEMBL3593818,212.0,nM,=,CCOc1cc(NS(C)(=O)=O)c(OCC)cc1CNC(=O)Nc1ccc(Br)cc1,486.3880000000001,3.939700000000002
CHEMBL3593817,309.0,nM,=,CCOc1cc(NS(C)(=O)=O)c(OCC)cc1CNC(=O)Nc1ccc(C)cc1,421.5190000000001,3.4856200000000017
CHEMBL3593816,537.0,nM,=,CCOc1cc(NS(C)(=O)=O)c(OCC)cc1CNC(=O)Nc1ccccc1,407.4920000000001,3.177200000000001
CHEMBL3628469,570.0,nM,=,O=C1NC(=O)N(Cc2ccc(Cl)cc2Cl)/C1=C/c1ccc(OCc2ccc(Cl)cc2Cl)cc1,522.2150000000003,6.972100000000004
CHEMBL3628484,960.0,nM,=,COC(=O)c1ccc(COc2ccc(/C=C3\C(=O)N(Cc4ccc(C(=O)OC)cc4)C(=O)N3Cc3ccccc3)cc2)cc1,590.6320000000004,5.844300000000006
CHEMBL3634591,346.0,nM,=,COC(=O)CN(c1ccc(CN(c2ccc(CN(Cc3ccccc3)S(C)(=O)=O)cc2)S(=O)(=O)c2ccc(OC)cc2)cc1)S(C)(=O)=O,715.8720000000002,3.991500000000004
CHEMBL3634592,222.0,nM,=,CCOc1ccc(S(=O)(=O)N(Cc2ccc(N(CC(=O)OC)S(C)(=O)=O)cc2)c2ccc(CN(Cc3ccccc3)S(C)(=O)=O)cc2)cc1,729.8990000000003,4.381600000000004
CHEMBL3634593,902.0,nM,=,CCCOc1ccc(S(=O)(=O)N(Cc2ccc(N(CC(=O)OC)S(C)(=O)=O)cc2)c2ccc(CN(Cc3ccccc3)S(C)(=O)=O)cc2)cc1,743.9260000000003,4.771700000000005
CHEMBL3634594,896.0,nM,=,CCCCOc1ccc(S(=O)(=O)N(Cc2ccc(N(CC(=O)OC)S(C)(=O)=O)cc2)c2ccc(CN(Cc3ccccc3)S(C)(=O)=O)cc2)cc1,757.9530000000001,5.161800000000006
CHEMBL3634681,492.0,nM,=,COC(=O)CN(c1ccc(CN(c2ccc(N(Cc3ccccc3)S(C)(=O)=O)cc2)S(=O)(=O)Cc2ccccc2)cc1)S(C)(=O)=O,685.8460000000002,4.128400000000004
CHEMBL3634683,470.0,nM,=,CCOc1ccc(S(=O)(=O)Nc2ccc(N(Cc3ccc(N(CC(=O)OC)S(=O)(=O)CC)cc3)S(=O)(=O)Cc3ccccc3)cc2)cc1,715.8720000000003,4.751800000000006
CHEMBL3747361,64.0,nM,=,O=C1C[C@@H](c2ccc(C[C@H](NS(=O)(=O)c3cccc(F)c3)c3nc(Cc4ccccc4F)c[nH]3)cc2)S(=O)(=O)N1,586.6420000000002,3.4318000000000017
CHEMBL3746639,7.0,nM,=,CO[C@@H](CC(C)C)c1ccc2cc(-c3ccc(C[C@](Cc4ccc(C(F)(F)P(=O)(O)O)cc4)(c4ccccc4)n4nnc5ccccc54)cc3)cc(P(=O)(O)O)c2n1,826.7740000000001,8.639100000000003
CHEMBL3808919,400.0,nM,=,CC(C)=CCc1c(O)ccc(-c2coc3cc(O)c(CC=C(C)C)c(O)c3c2=O)c1O,422.4770000000002,5.299800000000006
CHEMBL541953,22.0,nM,=,CC(=O)N[C@H](Cc1ccc(N(C(=O)C(=O)O)c2ccccc2C(=O)O)c2ccccc12)C(=O)NCCCCCOc1cc2ccccc2cc1C(=O)O,719.7470000000002,5.5514000000000046
CHEMBL184444,920.0,nM,=,COC(=O)c1c(O)cccc1OC/C=C/c1cccc(-c2onc(C(=O)O)c2CO)c1,425.3930000000002,3.116500000000001
CHEMBL3817887,39.0,nM,=,COC(=O)c1ccc(C(C/C=C/c2ccccc2)(Cc2ccc(C(F)(F)P(=O)(O)O)cc2)n2nnc3ccccc32)cc1,603.5620000000001,6.534700000000007
CHEMBL3818251,163.0,nM,=,Cc1noc(-c2ccc(C(C/C=C/c3ccccc3)(Cc3ccc(C(F)(F)P(=O)(O)O)cc3)C(=O)c3ccc(F)cc3)cc2)n1,632.5750000000003,7.878020000000008
CHEMBL3824236,355.0,nM,=,COC(=O)CN(c1ccc(CN(c2ccc(OCc3ccccc3)c(C(=O)OC)c2)S(=O)(=O)Cc2ccccc2)cc1)S(C)(=O)=O,666.7740000000003,4.5278000000000045
CHEMBL3823340,936.0,nM,=,CCCOc1ccc(N(Cc2ccc(N(CC(=O)OC)S(C)(=O)=O)cc2)S(=O)(=O)Cc2ccccc2)cc1C(=O)OC,618.7300000000002,3.737600000000003
CHEMBL3822604,50.0,nM,=,COC(=O)CN(c1ccc(CN(c2ccc(OCc3ccc(C)cc3)c(C(=O)OC)c2)S(=O)(=O)Cc2ccccc2)cc1)S(C)(=O)=O,680.8010000000004,4.836220000000005
CHEMBL3901092,270.0,nM,=,O=C1CC(c2ccc(CC(Nc3nc4ccccc4s3)c3nc4ccccc4[nH]3)cc2)S(=O)(=O)N1,503.60900000000015,4.459300000000003
CHEMBL326115,2.4,nM,=,NC(=O)[C@H](Cc1ccc(C(F)(F)P(=O)(O)O)cc1)NC(=O)[C@H](CC(=O)O)NC(=O)Cc1ccc(C(F)(F)P(=O)(O)O)cc1,657.4030000000005,0.8553999999999997
CHEMBL3942718,87.0,nM,=,CCc1ccc(C(=O)NCCCCC(NC(=O)C(Cc2ccc(C(F)(F)P(=O)(O)O)cc2)NC(=O)C(Cc2ccccc2)NC(C)=O)C(N)=O)cc1,743.7449999999999,2.8210999999999995
CHEMBL3978384,860.0,nM,=,COc1cc(CC(=O)NCC(NC(=O)C(CCCNC(=O)c2cccc(I)c2)NC(=O)C(Cc2ccc(C(F)(F)P(=O)(O)O)cc2)NC(=O)c2ccc(C)c(Br)c2)C(N)=O)ccc1O,1085.6309999999999,3.6684200000000033
CHEMBL4087528,450.0,nM,=,CC/C=C\C/C=C\C/C=C\CCCCCCCC1(O)CC(=O)c2c(O)cc(O)cc2O1,428.56900000000013,6.341100000000008
CHEMBL4095230,420.0,nM,=,CCCCC/C=C\C/C=C\CCCCCCCC1(O)CC(=O)c2c(O)cc(O)cc2O1,430.5850000000001,6.565100000000008
CHEMBL4086351,750.0,nM,=,COc1cc(C(=O)O[C@@H]2OC[C@@H](OC(=O)c3cc(Br)c(O)c(OC)c3)[C@H](OC(=O)c3cc(Br)c(O)c(OC)c3)[C@H]2OC(=O)c2cc(Br)c(O)c(OC)c2)cc(Br)c1O,1066.246,6.783300000000008
CHEMBL4079730,200.0,nM,=,O=C(O[C@@H]1OC[C@@H](OC(=O)c2cc(O)c(O)c(Br)c2)[C@H](OC(=O)c2cc(O)c(O)c(Br)c2)[C@H]1OC(=O)c1cc(O)c(O)c(Br)c1)c1cc(O)c(O)c(Br)c1,1010.1380000000001,5.571300000000009
CHEMBL4097758,190.0,nM,=,O=C(OC[C@H]1OC(OC(=O)c2cc(O)c(O)c(Br)c2)[C@H](OC(=O)c2cc(O)c(O)c(Br)c2)[C@@H]1OC(=O)c1cc(O)c(O)c(Br)c1)c1cc(O)c(O)c(Br)c1,1010.1380000000001,5.571300000000009
CHEMBL4068962,240.0,nM,=,O=C(OCC(COC(=O)c1cc(O)c(O)c(Br)c1)OC(=O)c1cc(O)c(O)c(Br)c1)c1cc(O)c(O)c(Br)c1,737.1000000000001,4.447100000000005
CHEMBL590122,18.0,nM,=,CCc1cc(C[C@H](NC(C)=O)C(=O)NCCCCOc2cccc(O)c2C(=O)OC)ccc1N(C(=O)C(=O)O)c1ccccc1C(=O)O,663.6800000000003,3.2112999999999996
CHEMBL229885,970.0,nM,=,CC(C)=CCc1cc(/C=C/C(=O)c2ccc(O)cc2O)ccc1O,324.37600000000003,4.208200000000005
CHEMBL1644933,450.0,nM,=,CC(C)=CCc1cc(/C=C/C(=O)c2ccc(O)c(CC=C(C)C)c2O)ccc1O,392.4950000000001,5.716900000000006
CHEMBL3810262,500.0,nM,=,CC(C)=CCc1c(O)ccc(-c2coc3c(CC=C(C)C)c(O)cc(O)c3c2=O)c1O,422.47700000000015,5.299800000000006
CHEMBL4061417,550.0,nM,=,CC(C)=CCc1cc(-c2cc(=O)c3c(O)c(CC=C(C)C)c(O)cc3o2)ccc1O,406.4780000000001,5.594200000000006
CHEMBL4064802,840.0,nM,=,CC(C)=CCc1c(O)ccc([C@H]2COc3cc(O)c(CC=C(C)C)c(O)c3C2=O)c1O,424.4930000000002,4.885300000000005
CHEMBL462721,310.0,nM,=,CC(C)=CCc1cc([C@@H]2CC(=O)c3ccc(O)c(CC=C(C)C)c3O2)ccc1O,392.4950000000001,5.821700000000006
CHEMBL4095800,740.0,nM,=,CO[C@@H]1C2C(=O)c3c(O)c4c(c(CC=C(C)C)c3O[C@@]23[C@H]2C[C@@H]1C(=O)[C@]3(C/C=C(/C)C(=O)O)OC2(C)C)O[C@](C)(CCC=C(C)C)C=C4,660.8040000000001,6.944100000000008
CHEMBL4069859,930.0,nM,=,CO[C@@H]1C2C(=O)c3c(O)c(C/C=C(\C)CCC=C(C)C)c(O)c(CC=C(C)C)c3O[C@@]23[C@H]2C[C@@H]1C(=O)[C@]3(C/C=C(/C)C(=O)O)OC2(C)C,662.8200000000003,6.974200000000007
CHEMBL555017,470.0,nM,=,CC(C)=CCC[C@]1(C)C=Cc2c(O)c3c(c(CC=C(C)C)c2O1)O[C@]12C(=C[C@@H]4C[C@H]1C(C)(C)O[C@@]2(C/C=C(/C)C(=O)O)C4=O)C3=O,628.7620000000004,7.239300000000007
CHEMBL4087216,790.0,nM,=,CCOS(=O)(=O)/C=C/c1ccc(OCc2ccc(COc3ccc(/C=C/S(=O)(=O)OCC)cc3)c(C(=O)Nc3ccc(Oc4ccc5ccccc5c4)cc3)c2)cc1,819.9540000000002,9.716399999999998
CHEMBL4094898,140.0,nM,=,CCOS(=O)(=O)/C=C/c1ccc(OCc2ccc(COc3ccc(/C=C/S(=O)(=O)OCC)cc3)c(C(=O)Nc3ccc(Oc4ccc(-c5ccccc5)cc4)cc3)c2)cc1,845.9920000000002,10.230199999999996
CHEMBL4074416,910.0,nM,=,CCOS(=O)(=O)/C=C/c1ccc(OCc2ccc(COc3ccc(/C=C/S(=O)(=O)OCC)cc3)c(C(=O)Nc3ccc(Oc4ccc(C(C)(C)C)cc4)cc3)c2)cc1,826.0020000000001,9.860699999999998
CHEMBL4076737,750.0,nM,=,CCOS(=O)(=O)/C=C/c1ccc(OCc2ccc(COc3ccc(/C=C/S(=O)(=O)OCC)cc3)c(C(=O)Nc3ccc(Oc4ccc(C(C)C)cc4)cc3)c2)cc1,811.9750000000001,9.686599999999999
CHEMBL4102541,190.0,nM,=,CCOS(=O)(=O)/C=C/c1ccc(OCc2ccc(COc3ccc(/C=C/S(=O)(=O)OCC)cc3)c(C(=O)Nc3ccc(Oc4ccc(CC)cc4)cc3)c2)cc1,797.9480000000001,9.125600000000002
CHEMBL4066472,160.0,nM,=,CCOS(=O)(=O)/C=C/c1ccc(OCc2ccc(COc3ccc(/C=C/S(=O)(=O)OCC)cc3)c(C(=O)Nc3ccc(Oc4ccc(Br)cc4Cl)cc3)c2)cc1,883.2350000000001,9.979099999999995
CHEMBL4087797,400.0,nM,=,CCOS(=O)(=O)/C=C/c1ccc(OCc2ccc(COc3ccc(/C=C/S(=O)(=O)OCC)cc3)c(C(=O)Nc3ccc(Oc4ccc(Cl)cc4)cc3)c2)cc1,804.3390000000002,9.216600000000001
CHEMBL4075069,350.0,nM,=,CCOS(=O)(=O)/C=C/c1ccc(OCc2ccc(COc3ccc(/C=C/S(=O)(=O)OCC)cc3)c(C(=O)Nc3ccc(Oc4cccc(C(F)(F)F)c4)cc3)c2)cc1,837.8910000000003,9.581999999999999
CHEMBL4095504,870.0,nM,=,CCOS(=O)(=O)/C=C/c1ccc(OCc2ccc(COc3ccc(/C=C/S(=O)(=O)OCC)cc3)c(C(=O)Nc3ccc(Oc4ccccc4C(F)(F)F)cc3)c2)cc1,837.8910000000003,9.581999999999999
CHEMBL4086737,820.0,nM,=,CCOS(=O)(=O)/C=C/c1ccc(OCc2ccc(COc3ccc(/C=C/S(=O)(=O)OCC)cc3)c(C(=O)Nc3ccc(Oc4ccc(C(F)(F)F)cc4)cc3)c2)cc1,837.8910000000003,9.581999999999999
CHEMBL4070572,850.0,nM,=,CCOS(=O)(=O)/C=C/c1ccc(OCc2ccc(COc3ccc(/C=C/S(=O)(=O)OCC)cc3)c(C(=O)Nc3ccc(Oc4ccccc4F)cc3)c2)cc1,787.8840000000002,8.702300000000005
CHEMBL4079916,860.0,nM,=,CCOS(=O)(=O)/C=C/c1ccc(OCc2ccc(COc3ccc(/C=C/S(=O)(=O)OCC)cc3)c(C(=O)Nc3ccc(Oc4ccccc4)cc3)c2)cc1,769.8940000000002,8.563200000000005
CHEMBL4098715,170.0,nM,=,CCCc1cc(OC(=O)c2c(O)cc(OC(=O)c3c(O)cc(O)cc3CCC)cc2CCC)cc(O)c1C(=O)O,552.5760000000005,5.503100000000004
CHEMBL4071698,720.0,nM,=,CCCc1cc(O)cc(OC(=O)c2c(O)cc(O)cc2CCC)c1,330.3800000000001,3.9276000000000018
CHEMBL4084018,510.0,nM,=,CCCc1cc(OC(=O)c2c(O)cc(O)cc2CCC)cc(O)c1C(=O)O,374.3890000000001,3.625800000000003
CHEMBL4128743,125.0,nM,=,CC1(C)C(/C=C/C=C2/N(CCCCS(=O)(=O)O)c3ccc([As]4SCCS4)cc3C2(C)C)=[N+](CCCCS(=O)(=O)O)c2ccc([As]3SCCS3)cc21,934.0149999999996,5.987100000000006
CHEMBL4173968,487.0,nM,=,CC(C)(C)c1ccc(Oc2ccc(-c3cnc(-c4ccc(O)c(O)c4)o3)cc2)cc1,401.4620000000001,6.509600000000007
CHEMBL4159436,807.0,nM,=,Cc1ccc(Oc2ccc(-c3cnc(-c4ccc(O)c(O)c4)o3)cc2)cc1,359.3810000000001,5.520520000000005
CHEMBL4164960,18.6,nM,=,CCOc1cc(NS(C)(=O)=O)c(OCC)cc1CNC(=O)Nc1ccc(OCC)c(C(=O)OC)c1,509.5810000000003,3.3625000000000025
CHEMBL4172149,68.2,nM,=,CCCOc1ccc(NC(=O)NCc2cc(OCC)c(NS(C)(=O)=O)cc2OCC)cc1C(=O)OC,523.6080000000003,3.752600000000003
CHEMBL4161546,710.9,nM,=,CCCCOc1ccc(NC(=O)NCc2cc(OCC)c(NS(C)(=O)=O)cc2OCC)cc1C(=O)OC,537.6350000000002,4.142700000000003
CHEMBL4163860,165.9,nM,=,CCOc1cc(NS(C)(=O)=O)c(OCC)cc1CNC(=O)Nc1ccc(OCC)c(C(=O)NC)c1,508.59700000000026,2.9355
CHEMBL4171742,169.2,nM,=,CCNC(=O)c1cc(NC(=O)NCc2cc(OCC)c(NS(C)(=O)=O)cc2OCC)ccc1OCC,522.6240000000003,3.3256000000000023
CHEMBL4176838,184.1,nM,=,CCCNC(=O)c1cc(NC(=O)NCc2cc(OCC)c(NS(C)(=O)=O)cc2OCC)ccc1OCC,536.6510000000002,3.715700000000002
CHEMBL4161709,209.1,nM,=,CCOc1cc(NS(C)(=O)=O)c(OCC)cc1CNC(=O)Nc1ccc(OCC)c(C(=O)Nc2ccc(C)cc2)c1,584.6950000000003,5.136620000000004
CHEMBL4165140,981.0,nM,=,CCOc1cc(NS(C)(=O)=O)c(OCC)cc1CNC(=O)Nc1ccc(OCC)c(C(=O)Nc2cccc(OC)c2)c1,600.6940000000003,4.836800000000004
CHEMBL4175748,66.2,nM,=,CCOc1cc(NS(C)(=O)=O)c(OCC)cc1CNC(=O)Nc1ccc(OCC)c(C(=O)Nc2ccc(OC)c(OC)c2)c1,630.7200000000003,4.845400000000003
CHEMBL4163641,500.0,nM,=,CCC/C=C1\OC(=O)c2c(Oc3c(O)cc(O)c(C(=O)O)c3CCCCC)cc(OC)cc21,456.4910000000003,5.6410000000000045
CHEMBL4174317,900.0,nM,=,CCCCCc1c(Oc2cc(OC)cc3c2C(=O)OC3(O)CCCC)c(O)cc(O)c1C(=O)O,474.5060000000003,4.8353000000000055
CHEMBL4278170,700.0,nM,=,FC(F)(F)Sc1ccc(CNCc2ccc(SC(F)(F)F)cc2)cc1,397.409,6.200200000000002
CHEMBL4293314,1000.0,nM,=,FC(F)(F)Sc1ccc(NCc2ccccc2)cc1,283.31800000000004,4.910600000000003
CHEMBL1935344,670.0,nM,=,O=C(O)CCCCN1C(=O)/C(=C/c2cn(-c3ccccc3)nc2-c2ccc(Cl)cc2Cl)SC1=S,532.4740000000002,6.3022000000000045
CHEMBL4445331,820.0,nM,=,O=C(O)C(Cc1c[nH]c2ccccc12)N1C(=O)/C(=C/c2ccc3cc(OCc4ccccc4)ccc3c2)SC1=S,564.6880000000002,6.797200000000005
CHEMBL4434712,720.0,nM,=,O=C(O)C(Cc1c[nH]c2ccccc12)N1C(=O)/C(=C/c2ccc3cc(OCc4ccc(Cl)cc4)ccc3c2)SC1=S,599.1330000000003,7.450600000000005
CHEMBL4535547,720.0,nM,=,O=C(O)C(Cc1c[nH]c2ccccc12)N1C(=O)/C(=C/c2ccc3cc(OCc4cccc(Cl)c4)ccc3c2)SC1=S,599.1330000000003,7.450600000000005
CHEMBL4474570,800.0,nM,=,O=C(O)C(Cc1c[nH]c2ccccc12)N1C(=O)/C(=C/c2ccc3cc(OCc4ccccc4Cl)ccc3c2)SC1=S,599.1330000000003,7.450600000000005
CHEMBL4450252,540.0,nM,=,O=C(O)C(Cc1c[nH]c2ccccc12)N1C(=O)/C(=C/c2ccc3cc(OCc4ccc(Cl)cc4Cl)ccc3c2)SC1=S,633.5780000000002,8.104000000000005
CHEMBL4445615,450.0,nM,=,O=C(O)C(Cc1c[nH]c2ccccc12)N1C(=O)/C(=C/c2ccc3cc(OCc4ccc(F)cc4)ccc3c2)SC1=S,582.6780000000002,6.9363000000000055
CHEMBL4475724,360.0,nM,=,O=C(O)C(Cc1c[nH]c2ccccc12)N1C(=O)/C(=C/c2ccc3cc(OCc4ccc(Br)cc4)ccc3c2)SC1=S,643.5840000000002,7.559700000000006
CHEMBL4476728,640.0,nM,=,Cc1ccc(COc2ccc3cc(/C=C4\SC(=S)N(C(Cc5c[nH]c6ccccc56)C(=O)O)C4=O)ccc3c2)cc1,578.7150000000003,7.105620000000006
CHEMBL4580548,700.0,nM,=,COc1cc(/C=C2\SC(=S)N(C(Cc3c[nH]c4ccccc34)C(=O)O)C2=O)ccc1OCc1ccc(Cl)cc1Cl,613.5440000000002,6.959400000000003
CHEMBL4579238,190.0,nM,=,CCOc1ccc(Oc2ccc(-c3cnc(-c4cc(O)c(O)c(Br)c4Br)o3)cc2)cc1,547.1990000000001,7.135800000000005
CHEMBL4474009,285.0,nM,=,CCOc1ccc(Oc2ccc(-c3cnc(-c4cc(O)c(O)c(Br)c4)o3)cc2)cc1,468.30300000000005,6.373300000000005
CHEMBL4513341,870.0,nM,=,Cc1ccc(Oc2ccc(-c3cnc(-c4cc(O)c(O)c(Br)c4Br)o3)cc2)cc1,517.1730000000001,7.045520000000004
CHEMBL4465505,460.0,nM,=,CCOS(=O)(=O)/C=C/c1ccc(O[C@@H]2CN(C(=O)C(=O)Nc3ccc(Oc4ccc(F)cc4)cc3)C[C@H]2Oc2ccc(CCS(=O)(=O)OCC)cc2)cc1,782.865,5.539700000000006
CHEMBL4458849,430.0,nM,=,CCOS(=O)(=O)/C=C/c1ccc(O[C@@H]2CN(C(=O)C(=O)Nc3ccc(Oc4ccc(C(C)(C)C)cc4)cc3)C[C@H]2Oc2ccc(CCS(=O)(=O)OCC)cc2)cc1,820.9830000000001,6.698100000000007
CHEMBL4467782,300.0,nM,=,CCOS(=O)(=O)/C=C/c1ccc(O[C@@H]2CN(C(=O)C(=O)Nc3ccc(Oc4ccc(CC)cc4)cc3)C[C@H]2Oc2ccc(CCS(=O)(=O)OCC)cc2)cc1,792.9290000000001,5.963000000000006
CHEMBL4437237,420.0,nM,=,CCOS(=O)(=O)/C=C/c1ccc(O[C@@H]2CN(C(=O)C(=O)Nc3ccc(Oc4ccc(C(C)C)cc4)cc3)C[C@H]2Oc2ccc(/C=C/S(=O)(=O)OCC)cc2)cc1,804.9400000000002,6.9522000000000075
CHEMBL4457655,380.0,nM,=,CCOS(=O)(=O)/C=C/c1ccc(O[C@@H]2CN(C(=O)C(=O)Nc3ccc(Oc4ccc(Cl)cc4)cc3)C[C@H]2Oc2ccc(CCS(=O)(=O)OCC)cc2)cc1,799.3199999999999,6.0540000000000065
CHEMBL4471305,440.0,nM,=,CCOS(=O)(=O)/C=C/c1ccc(O[C@@H]2CN(C(=O)C(=O)Nc3ccc(Oc4ccc(Br)cc4)cc3)C[C@H]2Oc2ccc(CCS(=O)(=O)OCC)cc2)cc1,843.771,6.163100000000006
CHEMBL4528006,230.0,nM,=,CCOS(=O)(=O)/C=C/c1ccc(O[C@@H]2CN(C(=O)C(=O)Nc3ccc(Oc4ccc(-c5ccccc5)cc4)cc3)C[C@H]2Oc2ccc(CCS(=O)(=O)OCC)cc2)cc1,840.9730000000001,7.067600000000008
CHEMBL4466086,770.0,nM,=,CCOS(=O)(=O)/C=C/c1ccc(O[C@@H]2CN(C(=O)C(=O)Nc3ccc(Oc4ccc(-c5ccccc5)cc4)cc3)C[C@@H]2Oc2ccc(CCS(=O)(=O)OCC)cc2)cc1,840.9730000000001,7.067600000000008
CHEMBL4587526,360.0,nM,=,CCOS(=O)(=O)/C=C/c1ccc(O[C@@H]2CN(C(=O)C(=O)Nc3ccc(Oc4ccc5ccccc5c4)cc3)C[C@H]2Oc2ccc(CCS(=O)(=O)OCC)cc2)cc1,814.9350000000001,6.553800000000007
CHEMBL4533077,610.0,nM,=,CCCCCCc1ccc(NC(=O)C(=O)N2C[C@@H](Oc3ccc(/C=C/S(=O)(=O)OCC)cc3)[C@H](Oc3ccc(CCS(=O)(=O)OCC)cc3)C2)cc1,756.94,5.731100000000007
CHEMBL4447414,250.0,nM,=,CCCCCCCCCCc1ccc(NC(=O)C(=O)N2C[C@@H](Oc3ccc(/C=C/S(=O)(=O)OCC)cc3)[C@H](Oc3ccc(CCS(=O)(=O)OCC)cc3)C2)cc1,813.0480000000001,7.291500000000008
CHEMBL4473987,120.0,nM,=,CCCCCCCCCCCCc1ccc(NC(=O)C(=O)N2C[C@@H](Oc3ccc(/C=C/S(=O)(=O)OCC)cc3)[C@H](Oc3ccc(CCS(=O)(=O)OCC)cc3)C2)cc1,841.102,8.071700000000009
CHEMBL4556255,830.0,nM,=,CCCCCCCCCCCCc1ccc(NC(=O)C(=O)N2C[C@H](Oc3ccc(CCS(=O)(=O)OCC)cc3)[C@H](Oc3ccc(/C=C/S(=O)(=O)OCC)cc3)C2)cc1,841.1020000000002,8.071700000000009
CHEMBL4569405,79.0,nM,=,O=P(O)(Cc1cc2c(O)c(c1)S(=O)(=O)c1cc(CP(=O)(O)c3ccccc3)cc(c1O)S(=O)(=O)c1cc(CP(=O)(O)c3ccccc3)cc(c1O)S(=O)(=O)c1cc(CP(=O)(O)c3ccccc3)cc(c1O)S2(=O)=O)c1ccccc1,1241.0680000000004,6.537200000000013
CHEMBL4540813,380.0,nM,=,O=P(O)(Cc1cc2c(O)c(c1)Sc1cc(CP(=O)(O)c3ccccc3)cc(c1O)Sc1cc(CP(=O)(O)c3ccccc3)cc(c1O)Sc1cc(CP(=O)(O)c3ccccc3)cc(c1O)S2)c1ccccc1,1113.0760000000002,11.810799999999977
CHEMBL4533045,570.0,nM,=,C=CCc1cc(/C=C/C(=O)c2cccc(N(C)C)c2)c(OC)cc1O,337.41900000000004,4.091400000000004
CHEMBL4542052,5.0,nM,=,COC(CC(C)C)c1ccc2ccc(-c3ccc(CC(Cc4ccc(C(F)(F)P(=O)(O)O)cc4)(c4ccccc4)n4nnc5ccccc54)cc3)c(P(=O)(O)O)c2n1,826.7740000000001,8.639100000000003
CHEMBL4471590,630.0,nM,=,CC(C)OCc1cc(O)c(O)c(Br)c1Cc1cc(O)c(O)c(Br)c1Br,541.0300000000002,5.312300000000005
CHEMBL4528755,340.0,nM,=,COc1c(Cl)c(O)c(Cl)c(C)c1-c1cc(O)c(Cl)c2cc3c(c(O)c12)C(=O)c1c(O)c(Cl)c(O)c(Cl)c1C3(C)C,644.7180000000001,8.489119999999996
CHEMBL4636119,70.0,nM,=,CCOS(=O)(=O)/C=C/c1ccc(COc2cc(COc3ccc(C(=O)O)c(O)c3)ccc2C(=O)Nc2ccc(Oc3ccc(-c4ccccc4)cc3)cc2)cc1,771.8440000000002,9.296999999999999
CHEMBL4641922,880.0,nM,=,Cc1cc(C)n(-c2ccc(S(=O)(=O)Nc3ncccn3)cc2)c(=O)c1C#N,381.41700000000014,1.91682
CHEMBL4776707,600.0,nM,=,CC(C)C(CC[C@@H](C)[C@H]1CC[C@H]2[C@@H]3[C@H](O)C[C@H]4C[C@@H](NCCCNCCCCNCCCN)CC[C@]4(C)[C@H]3CC[C@]12C)OS(=O)(=O)O,685.0730000000004,5.532900000000006
CHEMBL4750435,410.0,nM,=,COc1ccc(-n2cc(-c3ccc4ccc(=O)oc4c3)c3cc(-c4ccc(C(=O)O)cc4)cnc32)cc1,488.4990000000002,6.172700000000004
CHEMBL4782991,937.0,nM,=,CC[C@H](C)[C@H](NC(=O)[C@H](CS)NC(=O)[C@H](C)NC(=O)[C@H](CC(C)C)NC(=O)[C@H](CCCNC(=N)N)NC(=O)[C@H](CC(C)C)NC(=O)[C@H](C)NC(=O)[C@H](CC(C)C)NC(=O)[C@H](C)NC(=O)[C@H](CC(=O)O)NC(=O)[C@H](CO)NC(=O)CN)C(=O)NCC(=O)N[C@@H](CC(=O)O)C(=O)N[C@@H](CCC(=O)O)C(=O)N[C@@H](CCSC)C(=O)N[C@@H](CC(=O)O)C(=O)N[C@H](C(=O)N[C@@H](CO)C(=O)N[C@@H](CC(C)C)C(=O)O)C(C)C,2049.3590000000013,-8.961829999999916
CHEMBL4785543,680.0,nM,=,COC(=O)C1=CO[C@@H](O[C@@H]2O[C@H](COCc3ccccc3)[C@@H](OCc3ccccc3)[C@H](OCc3ccccc3)[C@H]2OCc2ccccc2)[C@@H]2C(COCc3ccccc3)=CC[C@H]12,838.994,8.893400000000003
CHEMBL4786441,380.0,nM,=,O=C(O)C1=CO[C@@H](O[C@@H]2O[C@H](COCc3ccccc3)[C@@H](OCc3ccccc3)[C@H](OCc3ccccc3)[C@H]2OCc2ccccc2)[C@@H]2C(COCc3ccccc3)=CC[C@H]12,824.967,8.805000000000003
CHEMBL4788887,350.0,nM,=,CCOS(=O)(=O)/C=C/c1ccc(CNC(=O)C2=CO[C@@H](O[C@@H]3O[C@H](COCc4ccccc4)[C@@H](OCc4ccccc4)[C@H](OCc4ccccc4)[C@H]3OCc3ccccc3)[C@@H]3C(COCc4ccccc4)=CC[C@H]23)cc1,1048.264,10.373799999999996
CHEMBL4798517,400.0,nM,=,O=C(Nc1ccc(Oc2ccccc2)cc1)C1=CO[C@@H](O[C@@H]2O[C@H](COCc3ccccc3)[C@@H](OCc3ccccc3)[C@H](OCc3ccccc3)[C@H]2OCc2ccccc2)[C@@H]2C(COCc3ccccc3)=CC[C@H]12,992.1780000000001,12.151399999999985
CHEMBL4788294,430.0,nM,=,CCOS(=O)(=O)/C=C/c1ccc(OCC2=CC[C@@H]3C(C(=O)Nc4ccc(Oc5ccc(-c6ccccc6)cc5)cc4)=CO[C@@H](OC)[C@H]23)cc1,679.7910000000003,7.949500000000009
CHEMBL4793462,750.0,nM,=,CCOS(=O)(=O)/C=C/c1ccc(OCC2=CC[C@@H]3C(C(=O)Nc4ccc(Oc5ccc6ccccc6c5)cc4)=CO[C@@H](OC)[C@H]23)cc1,653.7530000000003,7.435700000000008
CHEMBL4787688,990.0,nM,=,CCOS(=O)(=O)/C=C/c1ccc(OCC2=CC[C@@H]3C(C(=O)Nc4ccc(Oc5ccccc5)cc4)=CO[C@@H](OCc4ccccc4)[C@H]23)cc1,679.7910000000002,7.852900000000008
CHEMBL4800140,410.0,nM,=,CCOS(=O)(=O)/C=C/c1ccc(OCC2=CC[C@@H]3C(C(=O)Nc4ccc(Oc5ccc(Br)cc5Cl)cc4)=CO[C@@H](OCc4ccccc4)[C@H]23)cc1,793.1320000000002,9.268799999999999
CHEMBL3288200,1000.0,nM,=,Cc1nc2ccccc2n2cccc12,182.22599999999997,2.7959200000000006
CHEMBL4851997,600.0,nM,=,Cc1nc2ccc(Cl)cc2n2cccc12,216.671,3.449320000000002
CHEMBL4876085,570.0,nM,=,Cc1nc2cc(Cl)c(Cl)cc2n2cccc12,251.11599999999999,4.102720000000002
CHEMBL4877884,320.0,nM,=,Cc1c2cccn2c2ccccc2[n+]1C.[I-],324.16499999999996,-0.7705799999999994
CHEMBL4871707,580.0,nM,=,Cc1cccc(Cc2c3cccn3c3ccc(C(F)(F)F)cc3[n+]2C)c1.[I-],482.2870000000001,1.8390199999999997
CHEMBL4846983,830.0,nM,=,Cc1c2cccn2c2cc(Cl)ccc2[n+]1C.[I-],358.61,-0.11717999999999962
CHEMBL4874822,410.0,nM,=,CC1Nc2ccccc2-n2cccc21,184.24199999999996,2.963800000000001
CHEMBL4850859,450.0,nM,=,CC1Nc2ccc(Cl)cc2-n2cccc21,218.687,3.6172000000000013
CHEMBL4877026,950.0,nM,=,CC1Nc2cc(Cl)c(Cl)cc2-n2cccc21,253.132,4.270600000000003
CHEMBL4865928,510.0,nM,=,CC1c2cccn2-c2ccccc2N1C,198.269,2.988100000000001
CHEMBL4876185,250.0,nM,=,CCCCCCS(=O)(=O)NC(=O)c1ccc(CSCc2ccc(-c3ccccc3)cc2)cc1,481.68300000000016,6.426900000000006
CHEMBL284616,100.0,nM,=,O=C(/C=C/c1ccc(O)c(O)c1)O[C@@H]1C[C@](O)(C(=O)O)C[C@@H](O)[C@H]1O,354.31100000000004,-0.6459000000000001
CHEMBL289191,560.0,nM,=,C=C(C)[C@@H]1CC[C@]2(C)CC[C@]3(C)[C@H](CC[C@@H]4[C@@]5(C)CC[C@H](O)C(C)(C)[C@@H]5CC[C@]43C)[C@@H]12,426.72900000000027,8.02480000000001
CHEMBL4861976,240.0,nM,=,c1ccc(Cc2nc3ccccc3n3cccc23)cc1,258.324,4.078300000000002
CHEMBL5070507,1.0,nM,=,O=C1CN(c2c(O)cc3ccc(C4CCN(S(=O)(=O)C5CC5)C4)cc3c2F)S(=O)(=O)N1,469.51600000000025,1.1469999999999998
CHEMBL5085502,1.0,nM,<,CC(C)(C#N)CCOc1ccc2cc(O)c(N3CC(=O)NS3(=O)=O)c(F)c2c1,407.4230000000001,2.1841800000000005
CHEMBL5092308,1.0,nM,<,O=C1CN(c2c(O)cc3ccc(-c4cnn(CC5CC5)c4)cc3c2F)S(=O)(=O)N1,416.4340000000001,2.139
CHEMBL5085615,1.0,nM,=,C[C@H](O)CCOc1ccc2cc(O)c(N3CC(=O)NS3(=O)=O)c(F)c2c1,384.38500000000005,1.0152
CHEMBL5084112,100.0,nM,>,O=C1CN(c2c(O)cc3ccc(NCCN4CCC4)cc3c2F)S(=O)(=O)N1,394.42800000000005,0.9830999999999996
CHEMBL5075269,1.0,nM,<,O=C1CN(c2c(O)cc3ccc(OCCC4CC4(F)F)cc3c2F)S(=O)(=O)N1,416.377,2.289599999999999
CHEMBL5076419,1.0,nM,=,O=C1CN(c2c(O)cc3ccc(NCCC4CC4)cc3c2F)S(=O)(=O)N1,379.413,2.0774999999999997
CHEMBL5087544,100.0,nM,>,O=C1CN(c2c(O)cc3ccc(OCC4CCCOC4)cc3c2F)S(=O)(=O)N1,410.42300000000006,1.6708999999999998
CHEMBL5084380,1.0,nM,<,CCS(=O)(=O)N1CC=C(c2ccc3cc(O)c(N4CC(=O)NS4(=O)=O)c(F)c3c2)C1,455.4890000000002,0.9142000000000005
CHEMBL5080612,1.0,nM,<,CC(C)CCS(=O)(=O)N1CC=C(c2ccc3cc(O)c(N4CC(=O)NS4(=O)=O)c(F)c3c2)C1,497.5700000000003,1.9404
CHEMBL5089047,100.0,nM,>,CC(C)(O)CCOc1ccc2c(F)c(N3CC(=O)NS3(=O)=O)c(O)cc2c1,398.41200000000003,1.4053
CHEMBL5093253,1.0,nM,<,CC(C)(C#N)CCOc1cc2c(F)c(N3CC(=O)NS3(=O)=O)c(O)cc2cc1O,423.4220000000001,1.8897800000000005
CHEMBL5206722,910.0,nM,=,O=C(O)c1cccc(/C=C/c2ccc(Oc3cnoc3-c3ccc(Cl)c(Cl)c3)cc2)c1,452.2930000000001,7.309300000000004
CHEMBL5274674,240.0,nM,=,Cc1cc(OCc2ccc(C(=O)O)cc2)ccc1/C=C1\SC(=S)N(Cc2ccc(C(=O)O)cc2)C1=O,519.6000000000003,5.371820000000005
CHEMBL5268335,420.0,nM,=,C[C@H](CCC(=O)O)[C@H]1CCC2C3CC=C4C(C)(C)c5c(cnn5-c5ccc(F)cc5)C[C@]4(C)C3CC[C@@]21C,518.7170000000002,7.741100000000008
CHEMBL5278919,163.0,nM,=,Cc1noc(-c2ccc(C(C/C=C/c3ccccc3)(Cc3ccc(C(F)(F)P(=O)(O)O)cc3)n3nnc4ccccc43)cc2)n1,627.5880000000001,7.106520000000007
CHEMBL5271227,40.0,nM,=,O=C(Cc1ccccc1)C(Cc1ccc(C(F)(F)P(=O)(O)O)cc1)(Cc1ccc(C(F)(F)P(=O)(O)O)cc1)C(=O)Cc1ccccc1,692.5350000000001,6.535800000000009
CHEMBL5285288,6.0,nM,=,CC(C)OC(=O)c1cc(CC(Cc2ccc(C(F)(F)P(=O)(O)O)cc2)(C(=O)c2ccccc2)c2ccccc2)ccc1C(F)(F)P(=O)(O)O,722.5610000000004,7.31190000000001
CHEMBL5286861,500.0,nM,=,CCc1cc(Br)ccc1S(=O)(=O)N(Cc1ccc(C(=O)C(F)(F)P(=O)(O)O)cc1)Cc1ccc(C(=O)C(F)(F)P(=O)(O)O)cc1,760.3860000000003,5.309000000000007
CHEMBL5267531,500.0,nM,=,O=C(c1ccc(CN(Cc2ccc(C(=O)C(F)(F)P(=O)(O)O)cc2)S(=O)(=O)c2ccc(Br)cc2OC(F)(F)F)cc1)C(F)(F)P(=O)(O)O,816.3280000000005,5.645200000000005
CHEMBL5288250,500.0,nM,=,O=C(c1ccc(CN(Cc2ccc(C(=O)C(F)(F)P(=O)(O)O)cc2)S(=O)(=O)c2cc(F)ccc2F)cc1)C(F)(F)P(=O)(O)O,689.4160000000004,4.262300000000004
CHEMBL5271440,500.0,nM,=,Cc1ccc(S(=O)(=O)N(Cc2ccc(C(=O)C(F)(F)P(=O)(O)O)cc2)Cc2ccc(C(=O)C(F)(F)P(=O)(O)O)cc2)cc1,667.4630000000004,4.292520000000004
CHEMBL7048,300.0,nM,=,C/C(=C\Cn1oc(=O)[nH]c1=O)c1cccc(OCc2nc(-c3ccc(C(F)(F)F)cc3)oc2-c2ccccc2)c1,549.5050000000002,6.152900000000005
CHEMBL6510,400.0,nM,=,CCCCCCCC/C(=C\Cn1oc(=O)[nH]c1=O)c1cccc(OCc2nc(-c3ccc(C(F)(F)F)cc3)oc2C)c1,585.6230000000003,7.525020000000007
CHEMBL5287985,200.0,nM,=,CCCCCCCC/C(=C/Cn1oc(=O)[nH]c1=O)c1cccc(OCc2nc(-c3ccc(C(F)(F)F)cc3)oc2C)c1,585.6230000000003,7.525020000000007
CHEMBL5266431,400.0,nM,=,O=[N+]([O-])c1cc(S(=O)(=O)C(F)(F)F)ccc1Oc1ccc(S(=O)(=O)c2ccc(Oc3ccc(S(=O)(=O)C(F)(F)F)cc3[N+](=O)[O-])cc2)cc1,756.5890000000004,6.507400000000004
CHEMBL5281085,72.0,nM,=,O=C(O)/C=C/c1ccc(-c2nc(-c3ccc(C(=O)O)cc3)[nH]c2-c2ccc(/C=C/C(=O)O)cc2)cc1,480.4760000000001,5.3045000000000035
CHEMBL5283970,540.0,nM,=,Oc1c(Br)cc(-c2ncc(-c3ccccc3)s2)c(Br)c1O,427.1170000000001,5.413300000000003
CHEMBL5282419,90.0,nM,=,CCCCCCCCc1ccc(-n2c(C)ccc2-c2ccc(O[C@@H](Cc3ccccc3)C(=O)O)cc2)cc1,509.6900000000002,8.430420000000007
CHEMBL5283212,870.0,nM,=,CCCCCNC(=O)[C@H](Cc1cccc(OCC(=O)O)c1C(=O)O)NC(=O)[C@H](Cc1ccccc1)NC(=O)Oc1ccccc1,619.6710000000002,3.581800000000002
CHEMBL5272037,200.0,nM,=,O=C(O)C(=O)c1sc2c(c1C(=O)O)CCN[C@@H]2CNCc1ccc(O)cc1,390.4170000000001,1.3957999999999997
CHEMBL55243,77.0,nM,=,CCc1cc(CC(NC(C)=O)C(=O)NCCCCC(=O)N[C@@H](CCSC)C(=O)O)ccc1N(C(=O)C(=O)O)c1ccccc1C(=O)O,672.7570000000003,2.352700000000003
CHEMBL5276727,650.0,nM,=,CC(C)(C)OC(=O)COc1ccc(CC2=C(c3c[nH]c4ccccc34)c3ccccc3C(=O)C2=O)cc1,493.5590000000002,5.698400000000006
CHEMBL5284602,384.0,nM,=,Cc1cc(-c2c3ccccc3c(Br)c3sc(C)c(C)c23)cc(C)c1O[C@@H](Cc1ccccc1)C(=O)O,559.5250000000003,8.792380000000005
CHEMBL5272918,106.0,nM,=,CCCCCCCCCCCCCCOc1ccccc1NC(=O)c1cccc(F)c1C(=O)O,471.6130000000001,7.856100000000008
CHEMBL5272799,180.0,nM,=,CCCCCCCCCCCCCCOc1ccccc1NC(=O)c1c(C(=O)O)cc(Cl)c(Cl)c1Cl,556.9580000000001,9.6772
CHEMBL5269933,140.0,nM,=,CCCCCCCCCCCCCCCCOc1ccccc1NC(=O)c1ncccc1C(=O)O,482.6650000000001,7.892200000000009
CHEMBL5289453,16.0,nM,=,O=P(O)(O)C(F)(F)c1ccc(C[C@@](c2ccccc2)(c2ccc(C(F)(F)P(=O)(O)O)cc2)n2nnc3ccccc32)cc1,635.447,5.9199000000000055
CHEMBL5273366,13.0,nM,=,O=P(O)(O)C(F)(F)c1ccc(C[C@](c2ccc(C(F)(F)P(=O)(O)O)cc2)(c2ccc(F)c(F)c2)n2nnc3ccccc32)cc1,671.4269999999999,6.198100000000006
CHEMBL5268825,23.0,nM,=,O=P(O)(O)C(F)(F)c1ccc(C[C@](/C=C/c2ccccc2)(c2nc3ccccc3s2)n2nnc3ccccc32)cc1,588.5760000000001,6.967700000000007
CHEMBL5290902,5.0,nM,=,COC(CC(C)C)c1ccc2ccc(CC(Cc3ccc(C(F)(F)P(=O)(O)O)cc3)(c3ccccc3)n3nnc4ccccc43)c(P(=O)(O)O)c2n1,750.6759999999999,6.97210000000001
CHEMBL5268430,80.0,nM,=,O=C1CN(c2c(O)cc(CC3CCCCC3)cc2F)S(=O)(=O)N1,342.39199999999994,1.8351
CHEMBL5267772,80.0,nM,=,CS(=O)(=O)Oc1c(Cl)cccc1Cc1ccc(N2CC(=O)NS2(=O)=O)c(O)c1,446.8900000000002,1.1558
CHEMBL5265859,80.0,nM,=,O=C1CN(c2ccc(-c3ccc[nH]3)cc2O)S(=O)(=O)N1,293.30400000000003,0.5682999999999999
CHEMBL1208413,80.0,nM,=,COc1ccc2cc(O)c(N3CC(=O)NS3(=O)=O)cc2c1,308.315,0.7350000000000001
CHEMBL5275241,5.0,nM,=,O=C(c1ccccc1)C(Cc1ccc2cc(Br)c(C(F)(F)P(=O)(O)O)cc2c1)(c1ccc2cc(C(F)(F)P(=O)(O)O)c(Br)cc2c1)n1nnc2ccccc21,921.369,9.585899999999988
CHEMBL5290331,600.0,nM,=,O=c1c2cc(O)c(O)cc2oc2cc(OCc3cccc(Cl)c3F)cc(O)c12,402.761,4.434500000000002
CHEMBL5290130,400.0,nM,=,C[C@@]12CC[C@@H]3[C@@](CC[C@H]4[C@@]3(C)CCC[C@@]4(C)C(=O)OCc3ccccc3I)(CC1=O)C2,534.4780000000001,6.706500000000006
CHEMBL5267587,330.0,nM,=,C[C@@]12CC[C@@H]3[C@@](CC[C@H]4[C@@]3(C)CCC[C@@]4(C)C(=O)OCc3ccc(Br)cc3)(CC1=O)C2,487.4780000000002,6.864400000000007
CHEMBL5282928,800.0,nM,=,C[C@@]12CC[C@@H]3[C@@](CC[C@H]4[C@@]3(C)CCC[C@@]4(C)C(=O)OCCN3CCNCC3)(CC1=O)C2,430.6330000000003,3.8069000000000024
CHEMBL518780,240.0,nM,=,CCOC(=O)[C@]1(C)CCC[C@@]2(C)[C@@H]3CC[C@@]4(C)C[C@]3(CC[C@@H]21)[C@H](Br)C4=O,425.4070000000001,5.295000000000005
CHEMBL5289855,360.0,nM,=,CCOC(=O)[C@]1(C)CCC[C@@]2(C)[C@@H]3CC[C@@]4(C)C[C@]3(CC[C@@H]21)C[C@H]4OC(=O)c1ccc(O)cc1,468.63400000000024,6.2837000000000085
CHEMBL5404938,960.0,nM,=,CCCCCCCCCCCCCCCC(=O)N[C@H](C(=O)N[C@@H](C)C(=O)N[C@@H](CCC(N)=O)C(=O)N[C@@H](CCC(=O)O)C(=O)N[C@@H](CC(C)C)C(=O)N[C@@H](CCCNC(=N)N)C(=O)N[C@@H](CCCNC(=N)N)C(=O)N[C@H](C(=O)NCC(=O)N[C@@H](CC(=O)O)C(=O)N[C@@H](CCC(=O)O)C(=O)N[C@@H](Cc1ccccc1)C(=O)O)[C@@H](C)CC)[C@@H](C)CC,1685.0449999999996,0.3985400000000108
CHEMBL5417528,835.0,nM,=,CCCCCCCCCCCCC(=O)N[C@H](C(=O)N[C@@H](C)C(=O)N[C@@H](CCC(N)=O)C(=O)N[C@@H](CCC(=O)O)C(=O)N[C@@H](CC(C)C)C(=O)N[C@@H](CCCNC(=N)N)C(=O)N[C@@H](CCCNC(=N)N)C(=O)N[C@H](C(=O)NCC(=O)N[C@@H](CC(=O)O)C(=O)N[C@@H](CCC(=O)O)C(=O)N[C@@H](Cc1ccccc1)C(=O)O)[C@@H](C)CC)[C@@H](C)CC,1642.9639999999997,-0.7717599999999876
CHEMBL5436028,263.0,nM,=,CCCCCCCCCCCCCC(=O)N[C@H](C(=O)N[C@@H](C)C(=O)N[C@@H](CCC(N)=O)C(=O)N[C@@H](CCC(=O)O)C(=O)N[C@@H](CC(C)C)C(=O)N[C@@H](CCCNC(=N)N)C(=O)NC(CCCNC(=N)N)C(=O)N[C@H](C(=O)NCC(=O)N[C@@H](CC(=O)O)C(=O)N[C@@H](CCC(=O)O)C(=O)N[C@@H](Cc1ccccc1)C(=O)O)[C@@H](C)CC)[C@@H](C)CC,1656.9909999999998,-0.3816599999999881
CHEMBL5400785,120.0,nM,=,CCCCCCCCCCCCCCCCCC(=O)N[C@H](C(=O)N[C@@H](C)C(=O)N[C@@H](CCC(N)=O)C(=O)N[C@@H](CCC(=O)O)C(=O)N[C@@H](CC(C)C)C(=O)N[C@@H](CCCNC(=N)N)C(=O)NC(CCCNC(=N)N)C(=O)N[C@H](C(=O)NCC(=O)N[C@@H](CC(=O)O)C(=O)N[C@@H](CCC(=O)O)C(=O)N[C@@H](Cc1ccccc1)C(=O)O)[C@@H](C)CC)[C@@H](C)CC,1713.099,1.1787400000000066
CHEMBL5432118,385.0,nM,=,CC[C@H](C)[C@H](NC(=O)CCCCCCCCCCCCCCCCC(=O)O)C(=O)N[C@@H](C)C(=O)N[C@@H](CCC(N)=O)C(=O)N[C@@H](CCC(=O)O)C(=O)N[C@@H](CC(C)C)C(=O)N[C@@H](CCCNC(=N)N)C(=O)NC(CCCNC(=N)N)C(=O)N[C@H](C(=O)NCC(=O)N[C@@H](CC(=O)O)C(=O)N[C@@H](CCC(=O)O)C(=O)N[C@@H](Cc1ccccc1)C(=O)O)[C@@H](C)CC,1743.0810000000006,0.24344000000000676
CHEMBL5439633,437.0,nM,=,CCCCCCCCCCCCCCCCCCC(=O)N[C@H](C(=O)N[C@@H](C)C(=O)N[C@@H](CCC(N)=O)C(=O)N[C@@H](CCC(=O)O)C(=O)N[C@@H](CC(C)C)C(=O)N[C@@H](CCCNC(=N)N)C(=O)NC(CCCNC(=N)N)C(=O)N[C@H](C(=O)NCC(=O)N[C@@H](CC(=O)O)C(=O)N[C@@H](CCC(=O)O)C(=O)N[C@@H](Cc1ccccc1)C(=O)O)[C@@H](C)CC)[C@@H](C)CC,1727.126,1.5688400000000002
CHEMBL5407344,443.0,nM,=,CC[C@H](C)[C@H](NC(=O)CCCCCCCCCCCCCCCCCCC(=O)O)C(=O)N[C@@H](C)C(=O)N[C@@H](CCC(N)=O)C(=O)N[C@@H](CCC(=O)O)C(=O)N[C@@H](CC(C)C)C(=O)N[C@@H](CCCNC(=N)N)C(=O)NC(CCCNC(=N)N)C(=O)N[C@H](C(=O)NCC(=O)N[C@@H](CC(=O)O)C(=O)N[C@@H](CCC(=O)O)C(=O)N[C@@H](Cc1ccccc1)C(=O)O)[C@@H](C)CC,1771.1350000000007,1.0236400000000017
CHEMBL5401343,200.0,nM,=,CC[C@H](C)[C@H](NC(=O)CCCCCCCCCCCCCCCCCCCCC(=O)O)C(=O)N[C@@H](C)C(=O)N[C@@H](CCC(N)=O)C(=O)N[C@@H](CCC(=O)O)C(=O)N[C@@H](CC(C)C)C(=O)N[C@@H](CCCNC(=N)N)C(=O)NC(CCCNC(=N)N)C(=O)N[C@H](C(=O)NCC(=O)N[C@@H](CC(=O)O)C(=O)N[C@@H](CCC(=O)O)C(=O)N[C@@H](Cc1ccccc1)C(=O)O)[C@@H](C)CC,1799.1890000000008,1.8038400000000006
CHEMBL5423615,4.7,nM,=,COc1cc(CC(=O)N[C@@H](Cc2ccccc2)C(=O)N[C@@H](Cc2ccc(C(F)(F)P(=O)(O)O)cc2)C(=O)N[C@@H](CCCCNC(=O)c2ccc(C)c(Br)c2)C(N)=O)ccc1O,930.7369999999997,4.266620000000002
CHEMBL51314,950.0,nM,=,CC(C)(C)C(=O)Nc1ccc2c(c1)C(=O)C(=O)c1ccccc1-2,307.349,3.717200000000002
CHEMBL5415903,8.39,nM,=,O=C1CN(c2c(O)cc3ccc(Br)cc3c2F)S(=O)(=O)N1,375.17500000000007,1.6279999999999997
CHEMBL5559131,890.0,nM,=,O=C1NC(=O)/C(=C\c2ccc(C(=O)Nc3nnc(SCc4cccc(Br)c4)s3)cc2)S1,533.4540000000001,5.169100000000002
CHEMBL5556951,590.0,nM,=,O=C1NC(=O)/C(=C\c2ccc(C(=O)Nc3nnc(SCc4ccc(Br)cc4)s3)cc2)S1,533.4540000000001,5.169100000000002
CHEMBL5559440,880.0,nM,=,Cc1ccc(CSc2nnc(NC(=O)c3ccc(/C=C4/SC(=O)NC4=O)cc3)s2)cc1,468.5850000000002,4.715020000000003
CHEMBL5560637,610.0,nM,=,N#Cc1cccc(CSc2nnc(NC(=O)c3ccc(/C=C4/SC(=O)NC4=O)cc3)s2)c1,479.56800000000015,4.278280000000001
CHEMBL5567776,410.0,nM,=,N#Cc1ccc(CSc2nnc(NC(=O)c3ccc(/C=C4/SC(=O)NC4=O)cc3)s2)cc1,479.56800000000015,4.278280000000002
CHEMBL5559860,910.0,nM,=,O=C1NC(=O)/C(=C/c2ccc(C(=O)Nc3nnc(SCc4ccc(C(F)(F)F)cc4)s3)cc2)S1,522.5550000000001,5.425400000000002
CHEMBL5549781,890.0,nM,=,O=C1NC(=O)/C(=C\c2ccc(C(=O)Nc3nnc(SCc4ccc(OC(F)(F)F)cc4)s3)cc2)S1,538.5540000000001,5.305200000000002
CHEMBL5532077,650.0,nM,=,COC(=O)c1ccc(CSc2nnc(NC(=O)c3ccc(/C=C4/SC(=O)NC4=O)cc3)s2)cc1,512.5940000000002,4.193200000000003
CHEMBL5562671,750.0,nM,=,O=C1NC(=O)/C(=C/c2ccc(C(=O)Nc3nnc(SCc4ccc(F)c(F)c4)s3)cc2)S1,490.5380000000001,4.684800000000002
CHEMBL5542548,820.0,nM,=,O=C1NC(=O)/C(=C/c2ccc(C(=O)Nc3nnc(SCc4ccc(F)c(Cl)c4)s3)cc2)S1,506.99300000000017,5.199100000000002
CHEMBL5532562,980.0,nM,=,O=C1NC(=O)/C(=C/c2ccc(C(=O)Nc3nnc(SCc4ccc5ncccc5c4)s3)cc2)S1,505.60600000000017,4.954800000000002
CHEMBL5095164,0.69,nM,=,CC(C)CCN[C@@H]1CCc2cc(O)c(N3CC(=O)NS3(=O)=O)c(F)c2C1,385.46100000000007,1.2053
CHEMBL5559660,3.09,nM,=,CCN1CCc2cc(O)c(N3CC(=O)NS3(=O)=O)c(F)c2CC1,343.38000000000017,0.13280000000000008
CHEMBL5619195,2.8,nM,=,O=C1CN(c2c(O)cc3ccc(NCC4CC4)cc3c2F)S(=O)(=O)N1,365.386,1.6873999999999996
CHEMBL5619222,120.0,nM,=,COc1cc(CC(=O)NC(Cc2ccccc2)C(=O)NC(Cc2ccc(C(F)(F)P(=O)(O)O)cc2)C(=O)N[C@@H](CCCCNC(=O)c2ccc(C)c(Br)c2)C(N)=O)ccc1O,930.7369999999997,4.266620000000002
CHEMBL5619806,0.63,nM,=,CC(C)(O)CCOc1ccc2cc(O)c(N3CC(=O)NS3(=O)=O)c(F)c2c1,398.4120000000001,1.4053
CHEMBL5618850,10.0,nM,<,O=C1CN(c2c(O)cc3c(c2F)C[C@H](NCCCC(F)F)CS3)S(=O)(=O)N1,425.454,1.3639999999999999
CHEMBL5618838,10.0,nM,=,O=C1CN(c2c(O)cc3c(c2F)C[C@H](NCCC(F)F)N3)S(=O)(=O)N1,380.34799999999996,0.25119999999999976
CHEMBL5630180,197.0,nM,=,CS(=O)(=O)N1CCN(CC(=O)N2C(=O)S/C(=C\c3ccc(OCc4ccccc4)cc3)C2=O)CC1,515.6130000000003,2.4057000000000004
CHEMBL5624515,289.0,nM,=,O=C(CN1CCN(S(=O)(=O)c2ccccc2)CC1)N1C(=O)S/C(=C\c2ccc(OCc3ccccc3)cc2)C1=O,577.6840000000003,3.8350000000000035
CHEMBL5630566,179.0,nM,=,O=C(CN1CCn2c(nnc2C(F)(F)F)C1)N1C(=O)S/C(=C\c2ccc(OCc3ccccc3)cc2)C1=O,543.5270000000003,3.954600000000003
CHEMBL5631021,139.0,nM,=,CS(=O)(=O)n1cc2c(n1)CN(CC(=O)N1C(=O)S/C(=C\c3ccc(OCc4ccccc4)cc3)C1=O)C2,538.6070000000002,2.8485000000000005
CHEMBL5624847,117.0,nM,=,O=C1c2ccccc2C(=O)N1CC(=O)N1C(=O)S/C(=C\c2ccc(OCc3ccccc3)cc2)C1=O,498.5160000000002,4.124700000000003
CHEMBL5624539,354.0,nM,=,CS(=O)(=O)N1CCN(CC(=O)N2C(=O)S/C(=C\c3ccc(NC(=O)c4cc(O)c(O)c(O)c4)cc3)C2=O)CC1,576.6090000000002,1.1957999999999995
CHEMBL5624476,171.0,nM,=,O=C(Nc1ccc(/C=C2\SC(=O)N(C(=O)CN3CCN(S(=O)(=O)c4ccccc4)CC3)C2=O)cc1)c1cc(O)c(O)c(O)c1,638.6800000000004,2.6251000000000015
CHEMBL5631075,199.0,nM,=,O=C(Nc1ccc(/C=C2\SC(=O)N(C(=O)CN3CCn4c(nnc4C(F)(F)F)C3)C2=O)cc1)c1cc(O)c(O)c(O)c1,604.5230000000004,2.7447000000000017
CHEMBL5630676,42.0,nM,=,CS(=O)(=O)n1cc2c(n1)CN(CC(=O)N1C(=O)S/C(=C\c3ccc(NC(=O)c4cc(O)c(O)c(O)c4)cc3)C1=O)C2,599.6030000000002,1.6385999999999992
CHEMBL5624535,129.0,nM,=,O=C(Nc1ccc(/C=C2\SC(=O)N(C(=O)CN3C(=O)c4ccccc4C3=O)C2=O)cc1)c1cc(O)c(O)c(O)c1,559.5120000000003,2.9148000000000023
